model,experiment,condition,class,precision,recall,f1,support
resnet,direct,0.1,ApplyEyeMakeup,0.6538,0.7984,0.7179,40
resnet,direct,0.1,ApplyLipstick,0.7363,0.784,0.7465,31
resnet,direct,0.1,Archery,0.4471,0.254,0.2832,40
resnet,direct,0.1,BabyCrawling,0.6758,0.843,0.7331,36
resnet,direct,0.1,BalanceBeam,0.598,0.8172,0.6828,30
resnet,direct,0.1,BandMarching,0.7804,0.8696,0.8212,44
resnet,direct,0.1,BaseballPitch,0.8719,0.7896,0.8241,41
resnet,direct,0.1,Basketball,0.5154,0.4501,0.4696,37
resnet,direct,0.1,BasketballDunk,0.8982,0.9833,0.9379,38
resnet,direct,0.1,BenchPress,0.924,0.8512,0.8654,45
resnet,direct,0.1,Biking,0.8959,0.7483,0.7946,38
resnet,direct,0.1,Billiards,0.9833,0.9683,0.9756,43
resnet,direct,0.1,BlowDryHair,0.5887,0.5163,0.5447,37
resnet,direct,0.1,BlowingCandles,0.6181,0.8949,0.7271,30
resnet,direct,0.1,BodyWeightSquats,0.4752,0.3819,0.4034,31
resnet,direct,0.1,Bowling,0.8149,0.876,0.8386,43
resnet,direct,0.1,BoxingPunchingBag,0.7095,0.2808,0.3985,45
resnet,direct,0.1,BoxingSpeedBag,0.7647,0.6527,0.6949,38
resnet,direct,0.1,BreastStroke,0.5949,0.6145,0.5936,28
resnet,direct,0.1,BrushingTeeth,0.3701,0.2707,0.3113,35
resnet,direct,0.1,CleanAndJerk,0.7431,0.8859,0.8054,32
resnet,direct,0.1,CliffDiving,0.565,0.7962,0.6558,39
resnet,direct,0.1,CricketBowling,0.6085,0.3695,0.373,39
resnet,direct,0.1,CricketShot,0.5933,0.3662,0.4276,47
resnet,direct,0.1,CuttingInKitchen,0.7054,0.8242,0.7465,31
resnet,direct,0.1,Diving,0.9096,0.8959,0.9026,42
resnet,direct,0.1,Drumming,0.9724,0.7383,0.8365,45
resnet,direct,0.1,Fencing,0.8364,0.8266,0.8264,32
resnet,direct,0.1,FieldHockeyPenalty,0.6432,0.8147,0.7145,36
resnet,direct,0.1,FloorGymnastics,0.6337,0.6925,0.6548,36
resnet,direct,0.1,FrisbeeCatch,0.776,0.7888,0.7778,36
resnet,direct,0.1,FrontCrawl,0.6525,0.6728,0.6477,38
resnet,direct,0.1,GolfSwing,0.7227,0.698,0.7016,37
resnet,direct,0.1,Haircut,0.4536,0.5477,0.484,35
resnet,direct,0.1,HammerThrow,0.0,0.0,0.0,42
resnet,direct,0.1,Hammering,0.0052,0.0079,0.0063,39
resnet,direct,0.1,HandstandPushups,0.6126,0.6382,0.6078,36
resnet,direct,0.1,HandstandWalking,0.2148,0.2992,0.2465,31
resnet,direct,0.1,HeadMassage,0.8536,0.5236,0.6428,41
resnet,direct,0.1,HighJump,0.381,0.3772,0.3748,34
resnet,direct,0.1,HorseRace,0.9426,0.9608,0.9494,35
resnet,direct,0.1,HorseRiding,0.8081,0.8963,0.8401,46
resnet,direct,0.1,HulaHoop,0.6575,0.5764,0.5807,35
resnet,direct,0.1,IceDancing,0.8578,0.9538,0.9025,43
resnet,direct,0.1,JavelinThrow,0.3717,0.3601,0.3589,32
resnet,direct,0.1,JugglingBalls,0.5392,0.6968,0.5926,34
resnet,direct,0.1,JumpRope,0.0267,0.0248,0.0246,40
resnet,direct,0.1,JumpingJack,0.0179,0.0323,0.023,35
resnet,direct,0.1,Kayaking,0.701,0.5258,0.5962,39
resnet,direct,0.1,Knitting,0.6365,0.9227,0.7523,35
resnet,direct,0.1,LongJump,0.6494,0.5899,0.61,38
resnet,direct,0.1,Lunges,0.4225,0.431,0.4098,36
resnet,direct,0.1,MilitaryParade,0.7701,0.6585,0.707,35
resnet,direct,0.1,Mixing,0.8608,0.7835,0.816,40
resnet,direct,0.1,MoppingFloor,0.3491,0.4643,0.3917,31
resnet,direct,0.1,Nunchucks,0.4453,0.2166,0.2795,37
resnet,direct,0.1,ParallelBars,0.9005,0.8471,0.8658,33
resnet,direct,0.1,PizzaTossing,0.2109,0.1397,0.1601,30
resnet,direct,0.1,PlayingCello,0.934,0.8279,0.8754,45
resnet,direct,0.1,PlayingDaf,0.7458,0.7854,0.7632,42
resnet,direct,0.1,PlayingDhol,0.886,0.8534,0.8677,46
resnet,direct,0.1,PlayingFlute,0.5646,0.6419,0.5928,44
resnet,direct,0.1,PlayingGuitar,0.9171,0.9265,0.9178,46
resnet,direct,0.1,PlayingPiano,0.8326,0.8139,0.8161,30
resnet,direct,0.1,PlayingSitar,0.9349,0.9078,0.9177,44
resnet,direct,0.1,PlayingTabla,0.8974,0.8283,0.854,31
resnet,direct,0.1,PlayingViolin,0.7553,0.6429,0.6331,28
resnet,direct,0.1,PoleVault,0.713,0.5609,0.6156,41
resnet,direct,0.1,PommelHorse,0.859,0.8087,0.8259,35
resnet,direct,0.1,PullUps,0.7644,0.8333,0.7865,28
resnet,direct,0.1,Punch,0.9056,0.8943,0.898,44
resnet,direct,0.1,PushUps,0.791,0.6659,0.7201,29
resnet,direct,0.1,Rafting,0.6872,0.8624,0.7639,32
resnet,direct,0.1,RockClimbingIndoor,0.6205,0.9401,0.7453,39
resnet,direct,0.1,RopeClimbing,0.4227,0.4105,0.3967,34
resnet,direct,0.1,Rowing,0.8396,0.6451,0.7255,39
resnet,direct,0.1,SalsaSpin,0.6994,0.6048,0.645,38
resnet,direct,0.1,ShavingBeard,0.5643,0.5061,0.5067,45
resnet,direct,0.1,Shotput,0.5459,0.3735,0.4245,41
resnet,direct,0.1,SkateBoarding,0.7461,0.7319,0.7274,34
resnet,direct,0.1,Skiing,0.6766,0.7694,0.7117,38
resnet,direct,0.1,Skijet,0.7033,0.6786,0.6002,28
resnet,direct,0.1,SkyDiving,0.6489,0.8286,0.7145,31
resnet,direct,0.1,SoccerJuggling,0.4228,0.49,0.4309,40
resnet,direct,0.1,SoccerPenalty,0.9434,0.8598,0.8978,39
resnet,direct,0.1,StillRings,0.7985,0.7974,0.7916,31
resnet,direct,0.1,SumoWrestling,0.9363,0.8693,0.897,33
resnet,direct,0.1,Surfing,0.8838,0.8592,0.8679,37
resnet,direct,0.1,Swing,0.8851,0.5861,0.7019,37
resnet,direct,0.1,TableTennisShot,0.8757,0.5925,0.7024,37
resnet,direct,0.1,TaiChi,0.4468,0.5595,0.4906,28
resnet,direct,0.1,TennisSwing,0.7193,0.8079,0.7553,47
resnet,direct,0.1,ThrowDiscus,0.5238,0.5035,0.4794,37
resnet,direct,0.1,TrampolineJumping,0.7635,0.7909,0.7727,34
resnet,direct,0.1,Typing,0.8677,0.686,0.7499,40
resnet,direct,0.1,UnevenBars,0.8748,0.8557,0.8632,29
resnet,direct,0.1,VolleyballSpiking,0.8276,0.8888,0.8519,33
resnet,direct,0.1,WalkingWithDog,0.7014,0.5118,0.5908,35
resnet,direct,0.1,WallPushups,0.7326,0.5923,0.5995,38
resnet,direct,0.1,WritingOnBoard,0.8559,0.8379,0.8328,41
resnet,direct,0.1,YoYo,0.5411,0.4656,0.4583,36
resnet,direct,0.25,ApplyEyeMakeup,0.7216,0.6354,0.6422,40
resnet,direct,0.25,ApplyLipstick,0.6396,0.8684,0.7105,31
resnet,direct,0.25,Archery,0.568,0.3241,0.4067,40
resnet,direct,0.25,BabyCrawling,0.8054,0.7746,0.7767,36
resnet,direct,0.25,BalanceBeam,0.7899,0.8172,0.7794,30
resnet,direct,0.25,BandMarching,0.7398,0.8457,0.7805,44
resnet,direct,0.25,BaseballPitch,0.8499,0.8029,0.8217,41
resnet,direct,0.25,Basketball,0.5889,0.4051,0.4414,37
resnet,direct,0.25,BasketballDunk,0.9167,0.9743,0.9393,38
resnet,direct,0.25,BenchPress,0.9519,0.9841,0.9667,45
resnet,direct,0.25,Biking,0.9103,0.784,0.8238,38
resnet,direct,0.25,Billiards,0.9337,0.9599,0.9462,43
resnet,direct,0.25,BlowDryHair,0.4577,0.5818,0.5102,37
resnet,direct,0.25,BlowingCandles,0.8384,0.8586,0.8428,30
resnet,direct,0.25,BodyWeightSquats,0.538,0.4347,0.3974,31
resnet,direct,0.25,Bowling,0.9143,0.9225,0.9146,43
resnet,direct,0.25,BoxingPunchingBag,0.7391,0.4763,0.5661,45
resnet,direct,0.25,BoxingSpeedBag,0.8808,0.7802,0.8229,38
resnet,direct,0.25,BreastStroke,0.6613,0.7767,0.7042,28
resnet,direct,0.25,BrushingTeeth,0.4028,0.3263,0.3504,35
resnet,direct,0.25,CleanAndJerk,0.7107,0.8455,0.7694,32
resnet,direct,0.25,CliffDiving,0.602,0.7767,0.6572,39
resnet,direct,0.25,CricketBowling,0.4282,0.4387,0.4232,39
resnet,direct,0.25,CricketShot,0.5436,0.2992,0.3786,47
resnet,direct,0.25,CuttingInKitchen,0.7147,0.8856,0.7873,31
resnet,direct,0.25,Diving,0.9278,0.9609,0.9429,42
resnet,direct,0.25,Drumming,0.9462,0.6799,0.7633,45
resnet,direct,0.25,Fencing,0.8666,0.7146,0.7769,32
resnet,direct,0.25,FieldHockeyPenalty,0.7193,0.8196,0.7594,36
resnet,direct,0.25,FloorGymnastics,0.7264,0.833,0.7731,36
resnet,direct,0.25,FrisbeeCatch,0.7387,0.8707,0.7976,36
resnet,direct,0.25,FrontCrawl,0.7595,0.6011,0.6155,38
resnet,direct,0.25,GolfSwing,0.7507,0.7438,0.7446,37
resnet,direct,0.25,Haircut,0.5696,0.4701,0.5061,35
resnet,direct,0.25,HammerThrow,0.0,0.0,0.0,42
resnet,direct,0.25,Hammering,0.0098,0.0159,0.0121,39
resnet,direct,0.25,HandstandPushups,0.6787,0.8081,0.7192,36
resnet,direct,0.25,HandstandWalking,0.155,0.2313,0.1714,31
resnet,direct,0.25,HeadMassage,0.7138,0.573,0.5705,41
resnet,direct,0.25,HighJump,0.4192,0.563,0.4166,34
resnet,direct,0.25,HorseRace,0.9169,0.981,0.9464,35
resnet,direct,0.25,HorseRiding,0.9252,0.9099,0.9152,46
resnet,direct,0.25,HulaHoop,0.6345,0.7767,0.6278,35
resnet,direct,0.25,IceDancing,0.9191,0.9689,0.9433,43
resnet,direct,0.25,JavelinThrow,0.404,0.2515,0.2722,32
resnet,direct,0.25,JugglingBalls,0.5326,0.6831,0.5611,34
resnet,direct,0.25,JumpRope,0.0,0.0,0.0,40
resnet,direct,0.25,JumpingJack,0.0095,0.0108,0.0101,35
resnet,direct,0.25,Kayaking,0.7517,0.498,0.5939,39
resnet,direct,0.25,Knitting,0.8424,0.884,0.8615,35
resnet,direct,0.25,LongJump,0.7999,0.5426,0.6204,38
resnet,direct,0.25,Lunges,0.3655,0.3981,0.371,36
resnet,direct,0.25,MilitaryParade,0.8264,0.6504,0.7141,35
resnet,direct,0.25,Mixing,0.8235,0.8048,0.8017,40
resnet,direct,0.25,MoppingFloor,0.3199,0.6168,0.4188,31
resnet,direct,0.25,Nunchucks,0.6007,0.3146,0.4112,37
resnet,direct,0.25,ParallelBars,0.8708,0.92,0.8938,33
resnet,direct,0.25,PizzaTossing,0.3359,0.2201,0.2646,30
resnet,direct,0.25,PlayingCello,0.9681,0.8724,0.914,45
resnet,direct,0.25,PlayingDaf,0.7259,0.8499,0.7798,42
resnet,direct,0.25,PlayingDhol,0.9382,0.8566,0.8953,46
resnet,direct,0.25,PlayingFlute,0.6522,0.7302,0.6804,44
resnet,direct,0.25,PlayingGuitar,0.8795,1.0,0.9352,46
resnet,direct,0.25,PlayingPiano,0.8111,0.9102,0.8562,30
resnet,direct,0.25,PlayingSitar,0.9743,0.8586,0.9119,44
resnet,direct,0.25,PlayingTabla,0.8953,0.9049,0.8955,31
resnet,direct,0.25,PlayingViolin,0.8181,0.7619,0.7504,28
resnet,direct,0.25,PoleVault,0.7813,0.6811,0.706,41
resnet,direct,0.25,PommelHorse,0.9318,0.8078,0.8652,35
resnet,direct,0.25,PullUps,0.7976,0.75,0.7633,28
resnet,direct,0.25,Punch,0.8401,0.8932,0.8647,44
resnet,direct,0.25,PushUps,0.8611,0.6397,0.7206,29
resnet,direct,0.25,Rafting,0.6944,0.8948,0.7734,32
resnet,direct,0.25,RockClimbingIndoor,0.7387,0.9032,0.811,39
resnet,direct,0.25,RopeClimbing,0.5409,0.4472,0.4598,34
resnet,direct,0.25,Rowing,0.8372,0.7585,0.774,39
resnet,direct,0.25,SalsaSpin,0.7653,0.8083,0.7753,38
resnet,direct,0.25,ShavingBeard,0.5582,0.5943,0.5714,45
resnet,direct,0.25,Shotput,0.6915,0.3436,0.4455,41
resnet,direct,0.25,SkateBoarding,0.8626,0.8322,0.8391,34
resnet,direct,0.25,Skiing,0.8589,0.8345,0.8461,38
resnet,direct,0.25,Skijet,0.7518,0.7619,0.7169,28
resnet,direct,0.25,SkyDiving,0.7289,0.8295,0.7564,31
resnet,direct,0.25,SoccerJuggling,0.6579,0.642,0.6383,40
resnet,direct,0.25,SoccerPenalty,0.9145,0.83,0.8657,39
resnet,direct,0.25,StillRings,0.887,0.6797,0.7662,31
resnet,direct,0.25,SumoWrestling,0.9268,0.8693,0.8865,33
resnet,direct,0.25,Surfing,0.9049,0.8807,0.8905,37
resnet,direct,0.25,Swing,0.887,0.5506,0.6724,37
resnet,direct,0.25,TableTennisShot,0.8826,0.6486,0.7426,37
resnet,direct,0.25,TaiChi,0.6046,0.6429,0.6076,28
resnet,direct,0.25,TennisSwing,0.7138,0.7075,0.709,47
resnet,direct,0.25,ThrowDiscus,0.4903,0.4836,0.4752,37
resnet,direct,0.25,TrampolineJumping,0.8308,0.7936,0.8053,34
resnet,direct,0.25,Typing,0.7714,0.9338,0.8437,40
resnet,direct,0.25,UnevenBars,0.9004,0.811,0.8459,29
resnet,direct,0.25,VolleyballSpiking,0.7986,0.8558,0.8254,33
resnet,direct,0.25,WalkingWithDog,0.8652,0.6855,0.764,35
resnet,direct,0.25,WallPushups,0.7967,0.8556,0.8112,38
resnet,direct,0.25,WritingOnBoard,0.9354,0.7691,0.84,41
resnet,direct,0.25,YoYo,0.66,0.4862,0.5431,36
resnet,direct,0.5,ApplyEyeMakeup,0.7954,0.6808,0.7336,40
resnet,direct,0.5,ApplyLipstick,0.6916,0.8241,0.7331,31
resnet,direct,0.5,Archery,0.6394,0.3342,0.4371,40
resnet,direct,0.5,BabyCrawling,0.726,0.8164,0.7651,36
resnet,direct,0.5,BalanceBeam,0.6124,0.795,0.6804,30
resnet,direct,0.5,BandMarching,0.7667,0.8248,0.7941,44
resnet,direct,0.5,BaseballPitch,0.8833,0.8463,0.8601,41
resnet,direct,0.5,Basketball,0.7517,0.5159,0.5808,37
resnet,direct,0.5,BasketballDunk,0.957,0.9561,0.9561,38
resnet,direct,0.5,BenchPress,0.9867,0.9228,0.9521,45
resnet,direct,0.5,Biking,0.9907,0.8357,0.8973,38
resnet,direct,0.5,Billiards,0.928,0.9683,0.9472,43
resnet,direct,0.5,BlowDryHair,0.5123,0.5506,0.5167,37
resnet,direct,0.5,BlowingCandles,0.934,0.8542,0.8878,30
resnet,direct,0.5,BodyWeightSquats,0.5242,0.6757,0.5641,31
resnet,direct,0.5,Bowling,0.91,0.9302,0.9125,43
resnet,direct,0.5,BoxingPunchingBag,0.8459,0.645,0.7312,45
resnet,direct,0.5,BoxingSpeedBag,0.8206,0.7248,0.7691,38
resnet,direct,0.5,BreastStroke,0.7552,0.5747,0.6347,28
resnet,direct,0.5,BrushingTeeth,0.4861,0.4161,0.4311,35
resnet,direct,0.5,CleanAndJerk,0.8294,0.9172,0.8693,32
resnet,direct,0.5,CliffDiving,0.6158,0.8383,0.7048,39
resnet,direct,0.5,CricketBowling,0.5587,0.3926,0.4609,39
resnet,direct,0.5,CricketShot,0.5945,0.4885,0.5277,47
resnet,direct,0.5,CuttingInKitchen,0.8551,0.8928,0.8725,31
resnet,direct,0.5,Diving,0.9511,0.9282,0.9388,42
resnet,direct,0.5,Drumming,0.945,0.7131,0.7967,45
resnet,direct,0.5,Fencing,0.8012,0.8341,0.8034,32
resnet,direct,0.5,FieldHockeyPenalty,0.8265,0.7487,0.776,36
resnet,direct,0.5,FloorGymnastics,0.7011,0.9622,0.8098,36
resnet,direct,0.5,FrisbeeCatch,0.7135,0.8468,0.7614,36
resnet,direct,0.5,FrontCrawl,0.7044,0.7619,0.7245,38
resnet,direct,0.5,GolfSwing,0.6207,0.7519,0.6782,37
resnet,direct,0.5,Haircut,0.4976,0.6255,0.5536,35
resnet,direct,0.5,HammerThrow,0.0,0.0,0.0,42
resnet,direct,0.5,Hammering,0.0,0.0,0.0,39
resnet,direct,0.5,HandstandPushups,0.6644,0.8777,0.7524,36
resnet,direct,0.5,HandstandWalking,0.2243,0.1523,0.1786,31
resnet,direct,0.5,HeadMassage,0.8057,0.4843,0.5971,41
resnet,direct,0.5,HighJump,0.633,0.3516,0.4286,34
resnet,direct,0.5,HorseRace,0.8441,0.9711,0.9022,35
resnet,direct,0.5,HorseRiding,0.9587,0.8349,0.8791,46
resnet,direct,0.5,HulaHoop,0.888,0.6512,0.7313,35
resnet,direct,0.5,IceDancing,0.8691,0.961,0.9089,43
resnet,direct,0.5,JavelinThrow,0.3503,0.3587,0.3387,32
resnet,direct,0.5,JugglingBalls,0.7026,0.6341,0.6496,34
resnet,direct,0.5,JumpRope,0.0,0.0,0.0,40
resnet,direct,0.5,JumpingJack,0.0303,0.0323,0.0313,35
resnet,direct,0.5,Kayaking,0.7794,0.4835,0.5297,39
resnet,direct,0.5,Knitting,0.8021,0.9608,0.8651,35
resnet,direct,0.5,LongJump,0.6991,0.5818,0.6316,38
resnet,direct,0.5,Lunges,0.7675,0.4481,0.5438,36
resnet,direct,0.5,MilitaryParade,0.7902,0.8502,0.8162,35
resnet,direct,0.5,Mixing,0.8226,0.8166,0.8049,40
resnet,direct,0.5,MoppingFloor,0.6057,0.3915,0.4643,31
resnet,direct,0.5,Nunchucks,0.4501,0.401,0.4236,37
resnet,direct,0.5,ParallelBars,0.8975,0.6985,0.7803,33
resnet,direct,0.5,PizzaTossing,0.6444,0.1682,0.1931,30
resnet,direct,0.5,PlayingCello,0.9231,0.9167,0.9171,45
resnet,direct,0.5,PlayingDaf,0.799,0.929,0.8484,42
resnet,direct,0.5,PlayingDhol,0.7414,0.905,0.7994,46
resnet,direct,0.5,PlayingFlute,0.7116,0.6091,0.6492,44
resnet,direct,0.5,PlayingGuitar,0.9542,0.97,0.9611,46
resnet,direct,0.5,PlayingPiano,0.7123,0.9459,0.8116,30
resnet,direct,0.5,PlayingSitar,0.964,0.8624,0.9093,44
resnet,direct,0.5,PlayingTabla,0.8963,0.8938,0.8946,31
resnet,direct,0.5,PlayingViolin,0.9408,0.7857,0.8537,28
resnet,direct,0.5,PoleVault,0.781,0.7365,0.7567,41
resnet,direct,0.5,PommelHorse,0.9405,0.7978,0.8603,35
resnet,direct,0.5,PullUps,0.8601,0.7857,0.8092,28
resnet,direct,0.5,Punch,0.9841,0.9017,0.9401,44
resnet,direct,0.5,PushUps,0.8609,0.7103,0.7777,29
resnet,direct,0.5,Rafting,0.7255,0.698,0.692,32
resnet,direct,0.5,RockClimbingIndoor,0.7713,0.9221,0.8384,39
resnet,direct,0.5,RopeClimbing,0.6699,0.6566,0.6463,34
resnet,direct,0.5,Rowing,0.844,0.8128,0.8185,39
resnet,direct,0.5,SalsaSpin,0.8427,0.7445,0.7621,38
resnet,direct,0.5,ShavingBeard,0.5326,0.6098,0.5495,45
resnet,direct,0.5,Shotput,0.5056,0.4987,0.5016,41
resnet,direct,0.5,SkateBoarding,0.8504,0.7634,0.7735,34
resnet,direct,0.5,Skiing,0.6655,0.8967,0.7624,38
resnet,direct,0.5,Skijet,0.7568,0.7619,0.7507,28
resnet,direct,0.5,SkyDiving,0.7588,0.8835,0.8107,31
resnet,direct,0.5,SoccerJuggling,0.6984,0.4753,0.559,40
resnet,direct,0.5,SoccerPenalty,0.8267,0.8598,0.8376,39
resnet,direct,0.5,StillRings,0.9082,0.7563,0.8143,31
resnet,direct,0.5,SumoWrestling,0.9709,0.9198,0.9419,33
resnet,direct,0.5,Surfing,0.857,0.8717,0.8615,37
resnet,direct,0.5,Swing,0.7778,0.6549,0.6839,37
resnet,direct,0.5,TableTennisShot,0.6007,0.6301,0.5966,37
resnet,direct,0.5,TaiChi,0.4939,0.7976,0.5795,28
resnet,direct,0.5,TennisSwing,0.7053,0.7368,0.7198,47
resnet,direct,0.5,ThrowDiscus,0.4858,0.3318,0.3869,37
resnet,direct,0.5,TrampolineJumping,0.9312,0.6627,0.7734,34
resnet,direct,0.5,Typing,0.8689,0.8913,0.8652,40
resnet,direct,0.5,UnevenBars,0.9224,0.8661,0.8923,29
resnet,direct,0.5,VolleyballSpiking,0.878,0.9429,0.9035,33
resnet,direct,0.5,WalkingWithDog,0.7646,0.7716,0.7644,35
resnet,direct,0.5,WallPushups,0.8237,0.8873,0.8507,38
resnet,direct,0.5,WritingOnBoard,0.9162,0.8713,0.8901,41
resnet,direct,0.5,YoYo,0.4663,0.6074,0.5274,36
resnet,full_to_limited,0.1,ApplyEyeMakeup,0.5851,0.8876,0.6844,40
resnet,full_to_limited,0.1,ApplyLipstick,0.6562,0.6776,0.6563,31
resnet,full_to_limited,0.1,Archery,0.6825,0.1515,0.222,40
resnet,full_to_limited,0.1,BabyCrawling,0.8116,0.6357,0.7123,36
resnet,full_to_limited,0.1,BalanceBeam,0.777,0.5632,0.6485,30
resnet,full_to_limited,0.1,BandMarching,0.7216,0.7624,0.7347,44
resnet,full_to_limited,0.1,BaseballPitch,0.7799,0.8125,0.782,41
resnet,full_to_limited,0.1,Basketball,0.6817,0.4654,0.5495,37
resnet,full_to_limited,0.1,BasketballDunk,0.941,0.9376,0.9371,38
resnet,full_to_limited,0.1,BenchPress,0.9613,0.8762,0.9143,45
resnet,full_to_limited,0.1,Biking,0.8758,0.7372,0.77,38
resnet,full_to_limited,0.1,Billiards,0.8741,0.911,0.8832,43
resnet,full_to_limited,0.1,BlowDryHair,0.7147,0.448,0.5135,37
resnet,full_to_limited,0.1,BlowingCandles,0.6289,0.9253,0.7467,30
resnet,full_to_limited,0.1,BodyWeightSquats,0.2564,0.3153,0.2528,31
resnet,full_to_limited,0.1,Bowling,0.9905,0.8682,0.9243,43
resnet,full_to_limited,0.1,BoxingPunchingBag,0.6393,0.3239,0.4126,45
resnet,full_to_limited,0.1,BoxingSpeedBag,0.782,0.7788,0.778,38
resnet,full_to_limited,0.1,BreastStroke,0.6742,0.6966,0.6706,28
resnet,full_to_limited,0.1,BrushingTeeth,0.4259,0.1803,0.2479,35
resnet,full_to_limited,0.1,CleanAndJerk,0.8105,0.4717,0.5879,32
resnet,full_to_limited,0.1,CliffDiving,0.7417,0.309,0.3958,39
resnet,full_to_limited,0.1,CricketBowling,0.3543,0.4591,0.3961,39
resnet,full_to_limited,0.1,CricketShot,0.5807,0.271,0.3603,47
resnet,full_to_limited,0.1,CuttingInKitchen,0.5619,0.8426,0.5945,31
resnet,full_to_limited,0.1,Diving,0.872,0.8668,0.8645,42
resnet,full_to_limited,0.1,Drumming,0.8681,0.7306,0.7928,45
resnet,full_to_limited,0.1,Fencing,0.8367,0.6234,0.7141,32
resnet,full_to_limited,0.1,FieldHockeyPenalty,0.5227,0.7632,0.6183,36
resnet,full_to_limited,0.1,FloorGymnastics,0.6127,0.5906,0.5911,36
resnet,full_to_limited,0.1,FrisbeeCatch,0.8108,0.7371,0.7596,36
resnet,full_to_limited,0.1,FrontCrawl,0.7058,0.6716,0.6596,38
resnet,full_to_limited,0.1,GolfSwing,0.4363,0.6939,0.5076,37
resnet,full_to_limited,0.1,Haircut,0.5301,0.5133,0.502,35
resnet,full_to_limited,0.1,HammerThrow,0.006,0.0072,0.0065,42
resnet,full_to_limited,0.1,Hammering,0.0,0.0,0.0,39
resnet,full_to_limited,0.1,HandstandPushups,0.8274,0.6654,0.7318,36
resnet,full_to_limited,0.1,HandstandWalking,0.1448,0.3453,0.192,31
resnet,full_to_limited,0.1,HeadMassage,0.629,0.6648,0.6204,41
resnet,full_to_limited,0.1,HighJump,0.4444,0.0206,0.0389,34
resnet,full_to_limited,0.1,HorseRace,0.8833,0.9128,0.8924,35
resnet,full_to_limited,0.1,HorseRiding,0.8285,0.9402,0.8784,46
resnet,full_to_limited,0.1,HulaHoop,0.3365,0.7005,0.4261,35
resnet,full_to_limited,0.1,IceDancing,0.9132,0.8772,0.8934,43
resnet,full_to_limited,0.1,JavelinThrow,0.2175,0.5337,0.3079,32
resnet,full_to_limited,0.1,JugglingBalls,0.4358,0.7426,0.543,34
resnet,full_to_limited,0.1,JumpRope,0.0238,0.0155,0.0188,40
resnet,full_to_limited,0.1,JumpingJack,0.065,0.0908,0.0755,35
resnet,full_to_limited,0.1,Kayaking,0.7532,0.2967,0.3667,39
resnet,full_to_limited,0.1,Knitting,0.8429,0.8671,0.852,35
resnet,full_to_limited,0.1,LongJump,0.619,0.2332,0.3043,38
resnet,full_to_limited,0.1,Lunges,0.3534,0.2918,0.2943,36
resnet,full_to_limited,0.1,MilitaryParade,0.6025,0.7579,0.6497,35
resnet,full_to_limited,0.1,Mixing,0.6897,0.8108,0.742,40
resnet,full_to_limited,0.1,MoppingFloor,0.3722,0.5224,0.4039,31
resnet,full_to_limited,0.1,Nunchucks,0.4506,0.3496,0.3845,37
resnet,full_to_limited,0.1,ParallelBars,0.9471,0.5492,0.6849,33
resnet,full_to_limited,0.1,PizzaTossing,0.1386,0.0791,0.0988,30
resnet,full_to_limited,0.1,PlayingCello,0.8785,0.8516,0.8642,45
resnet,full_to_limited,0.1,PlayingDaf,0.6409,0.8076,0.7063,42
resnet,full_to_limited,0.1,PlayingDhol,0.8884,0.7314,0.7988,46
resnet,full_to_limited,0.1,PlayingFlute,0.6917,0.6687,0.6753,44
resnet,full_to_limited,0.1,PlayingGuitar,0.9148,0.9147,0.9051,46
resnet,full_to_limited,0.1,PlayingPiano,0.716,0.934,0.7667,30
resnet,full_to_limited,0.1,PlayingSitar,0.9194,0.8725,0.8929,44
resnet,full_to_limited,0.1,PlayingTabla,0.9453,0.6683,0.7748,31
resnet,full_to_limited,0.1,PlayingViolin,0.8181,0.6667,0.7212,28
resnet,full_to_limited,0.1,PoleVault,0.7263,0.1217,0.2046,41
resnet,full_to_limited,0.1,PommelHorse,0.8715,0.7706,0.809,35
resnet,full_to_limited,0.1,PullUps,0.5698,0.7976,0.6644,28
resnet,full_to_limited,0.1,Punch,0.8471,0.8136,0.8259,44
resnet,full_to_limited,0.1,PushUps,0.6914,0.7897,0.7013,29
resnet,full_to_limited,0.1,Rafting,0.7928,0.5672,0.654,32
resnet,full_to_limited,0.1,RockClimbingIndoor,0.5508,0.89,0.6784,39
resnet,full_to_limited,0.1,RopeClimbing,0.4351,0.2726,0.3202,34
resnet,full_to_limited,0.1,Rowing,0.7888,0.7309,0.726,39
resnet,full_to_limited,0.1,SalsaSpin,0.8087,0.5265,0.6267,38
resnet,full_to_limited,0.1,ShavingBeard,0.6704,0.3816,0.4463,45
resnet,full_to_limited,0.1,Shotput,0.3957,0.3795,0.3658,41
resnet,full_to_limited,0.1,SkateBoarding,0.7877,0.6141,0.671,34
resnet,full_to_limited,0.1,Skiing,0.8106,0.697,0.7436,38
resnet,full_to_limited,0.1,Skijet,0.7019,0.631,0.639,28
resnet,full_to_limited,0.1,SkyDiving,0.7739,0.7664,0.7567,31
resnet,full_to_limited,0.1,SoccerJuggling,0.6302,0.5947,0.591,40
resnet,full_to_limited,0.1,SoccerPenalty,0.8002,0.8925,0.842,39
resnet,full_to_limited,0.1,StillRings,0.9762,0.4533,0.6156,31
resnet,full_to_limited,0.1,SumoWrestling,0.8899,0.8702,0.8786,33
resnet,full_to_limited,0.1,Surfing,0.7041,0.8638,0.7716,37
resnet,full_to_limited,0.1,Swing,0.8955,0.4385,0.541,37
resnet,full_to_limited,0.1,TableTennisShot,0.6984,0.547,0.6085,37
resnet,full_to_limited,0.1,TaiChi,0.3966,0.7024,0.4553,28
resnet,full_to_limited,0.1,TennisSwing,0.7025,0.6313,0.6546,47
resnet,full_to_limited,0.1,ThrowDiscus,0.3891,0.3145,0.3344,37
resnet,full_to_limited,0.1,TrampolineJumping,0.7074,0.7538,0.7048,34
resnet,full_to_limited,0.1,Typing,0.7314,0.84,0.7749,40
resnet,full_to_limited,0.1,UnevenBars,0.8164,0.6146,0.6949,29
resnet,full_to_limited,0.1,VolleyballSpiking,0.7974,0.7986,0.7954,33
resnet,full_to_limited,0.1,WalkingWithDog,0.7055,0.3988,0.4875,35
resnet,full_to_limited,0.1,WallPushups,0.7102,0.7286,0.6911,38
resnet,full_to_limited,0.1,WritingOnBoard,0.8344,0.793,0.8064,41
resnet,full_to_limited,0.1,YoYo,0.6002,0.5423,0.5646,36
resnet,full_to_limited,0.25,ApplyEyeMakeup,0.6246,0.8886,0.7131,40
resnet,full_to_limited,0.25,ApplyLipstick,0.658,0.7719,0.6995,31
resnet,full_to_limited,0.25,Archery,0.6,0.1928,0.2744,40
resnet,full_to_limited,0.25,BabyCrawling,0.8358,0.6994,0.7592,36
resnet,full_to_limited,0.25,BalanceBeam,0.8141,0.5762,0.67,30
resnet,full_to_limited,0.25,BandMarching,0.7839,0.8157,0.7919,44
resnet,full_to_limited,0.25,BaseballPitch,0.7839,0.821,0.7866,41
resnet,full_to_limited,0.25,Basketball,0.7225,0.4583,0.5553,37
resnet,full_to_limited,0.25,BasketballDunk,0.9502,0.929,0.9378,38
resnet,full_to_limited,0.25,BenchPress,0.9839,0.961,0.9722,45
resnet,full_to_limited,0.25,Biking,0.8874,0.7987,0.811,38
resnet,full_to_limited,0.25,Billiards,0.8966,0.9196,0.9023,43
resnet,full_to_limited,0.25,BlowDryHair,0.7118,0.4841,0.5501,37
resnet,full_to_limited,0.25,BlowingCandles,0.6748,0.9242,0.7694,30
resnet,full_to_limited,0.25,BodyWeightSquats,0.3806,0.4451,0.3884,31
resnet,full_to_limited,0.25,Bowling,0.9676,0.9147,0.9394,43
resnet,full_to_limited,0.25,BoxingPunchingBag,0.7424,0.4406,0.5284,45
resnet,full_to_limited,0.25,BoxingSpeedBag,0.7768,0.8142,0.7933,38
resnet,full_to_limited,0.25,BreastStroke,0.7414,0.7307,0.7297,28
resnet,full_to_limited,0.25,BrushingTeeth,0.448,0.2288,0.2998,35
resnet,full_to_limited,0.25,CleanAndJerk,0.8333,0.6475,0.7216,32
resnet,full_to_limited,0.25,CliffDiving,0.7405,0.3766,0.4775,39
resnet,full_to_limited,0.25,CricketBowling,0.3646,0.5004,0.418,39
resnet,full_to_limited,0.25,CricketShot,0.579,0.2302,0.3275,47
resnet,full_to_limited,0.25,CuttingInKitchen,0.6246,0.8944,0.6772,31
resnet,full_to_limited,0.25,Diving,0.9159,0.9107,0.9117,42
resnet,full_to_limited,0.25,Drumming,0.8929,0.7599,0.8166,45
resnet,full_to_limited,0.25,Fencing,0.9003,0.7452,0.8128,32
resnet,full_to_limited,0.25,FieldHockeyPenalty,0.5455,0.8049,0.6469,36
resnet,full_to_limited,0.25,FloorGymnastics,0.6663,0.6933,0.669,36
resnet,full_to_limited,0.25,FrisbeeCatch,0.8078,0.783,0.7866,36
resnet,full_to_limited,0.25,FrontCrawl,0.7764,0.7162,0.7294,38
resnet,full_to_limited,0.25,GolfSwing,0.4764,0.7121,0.5485,37
resnet,full_to_limited,0.25,Haircut,0.5487,0.6008,0.565,35
resnet,full_to_limited,0.25,HammerThrow,0.0056,0.0072,0.0063,42
resnet,full_to_limited,0.25,Hammering,0.0,0.0,0.0,39
resnet,full_to_limited,0.25,HandstandPushups,0.864,0.6913,0.7664,36
resnet,full_to_limited,0.25,HandstandWalking,0.1748,0.356,0.2086,31
resnet,full_to_limited,0.25,HeadMassage,0.6962,0.64,0.6232,41
resnet,full_to_limited,0.25,HighJump,0.25,0.0206,0.0377,34
resnet,full_to_limited,0.25,HorseRace,0.9241,0.9506,0.9351,35
resnet,full_to_limited,0.25,HorseRiding,0.8561,0.9402,0.894,46
resnet,full_to_limited,0.25,HulaHoop,0.4032,0.7381,0.4913,35
resnet,full_to_limited,0.25,IceDancing,0.8843,0.9293,0.9035,43
resnet,full_to_limited,0.25,JavelinThrow,0.2275,0.5761,0.3248,32
resnet,full_to_limited,0.25,JugglingBalls,0.5311,0.7546,0.6147,34
resnet,full_to_limited,0.25,JumpRope,0.0,0.0,0.0,40
resnet,full_to_limited,0.25,JumpingJack,0.0,0.0,0.0,35
resnet,full_to_limited,0.25,Kayaking,0.7631,0.4348,0.5085,39
resnet,full_to_limited,0.25,Knitting,0.8647,0.8562,0.8602,35
resnet,full_to_limited,0.25,LongJump,0.6049,0.2259,0.3014,38
resnet,full_to_limited,0.25,Lunges,0.3798,0.3761,0.3603,36
resnet,full_to_limited,0.25,MilitaryParade,0.6603,0.7955,0.7025,35
resnet,full_to_limited,0.25,Mixing,0.7572,0.8225,0.7847,40
resnet,full_to_limited,0.25,MoppingFloor,0.3854,0.5043,0.42,31
resnet,full_to_limited,0.25,Nunchucks,0.4817,0.3839,0.4017,37
resnet,full_to_limited,0.25,ParallelBars,0.9238,0.5182,0.6503,33
resnet,full_to_limited,0.25,PizzaTossing,0.1886,0.0906,0.1176,30
resnet,full_to_limited,0.25,PlayingCello,0.8716,0.8662,0.8669,45
resnet,full_to_limited,0.25,PlayingDaf,0.6941,0.8313,0.7501,42
resnet,full_to_limited,0.25,PlayingDhol,0.8819,0.7518,0.808,46
resnet,full_to_limited,0.25,PlayingFlute,0.6636,0.6538,0.6564,44
resnet,full_to_limited,0.25,PlayingGuitar,0.9114,0.9147,0.9025,46
resnet,full_to_limited,0.25,PlayingPiano,0.7223,0.9221,0.7805,30
resnet,full_to_limited,0.25,PlayingSitar,0.9223,0.8797,0.8998,44
resnet,full_to_limited,0.25,PlayingTabla,0.9362,0.7214,0.8069,31
resnet,full_to_limited,0.25,PlayingViolin,0.837,0.6667,0.7265,28
resnet,full_to_limited,0.25,PoleVault,0.7657,0.2135,0.3264,41
resnet,full_to_limited,0.25,PommelHorse,0.8896,0.8283,0.8549,35
resnet,full_to_limited,0.25,PullUps,0.6922,0.8214,0.7508,28
resnet,full_to_limited,0.25,Punch,0.854,0.8361,0.8436,44
resnet,full_to_limited,0.25,PushUps,0.7749,0.8365,0.771,29
resnet,full_to_limited,0.25,Rafting,0.8612,0.646,0.7267,32
resnet,full_to_limited,0.25,RockClimbingIndoor,0.5947,0.8895,0.7122,39
resnet,full_to_limited,0.25,RopeClimbing,0.4407,0.3399,0.3691,34
resnet,full_to_limited,0.25,Rowing,0.8117,0.7153,0.7412,39
resnet,full_to_limited,0.25,SalsaSpin,0.8012,0.5677,0.6462,38
resnet,full_to_limited,0.25,ShavingBeard,0.725,0.4698,0.5253,45
resnet,full_to_limited,0.25,Shotput,0.4549,0.4058,0.4134,41
resnet,full_to_limited,0.25,SkateBoarding,0.8704,0.6942,0.7655,34
resnet,full_to_limited,0.25,Skiing,0.8481,0.8456,0.8433,38
resnet,full_to_limited,0.25,Skijet,0.6909,0.7738,0.7138,28
resnet,full_to_limited,0.25,SkyDiving,0.7546,0.8475,0.7911,31
resnet,full_to_limited,0.25,SoccerJuggling,0.6381,0.6118,0.6061,40
resnet,full_to_limited,0.25,SoccerPenalty,0.8292,0.9087,0.866,39
resnet,full_to_limited,0.25,StillRings,1.0,0.5276,0.6845,31
resnet,full_to_limited,0.25,SumoWrestling,0.9459,0.9403,0.9419,33
resnet,full_to_limited,0.25,Surfing,0.756,0.8824,0.811,37
resnet,full_to_limited,0.25,Swing,0.845,0.5654,0.6601,37
resnet,full_to_limited,0.25,TableTennisShot,0.687,0.5777,0.6219,37
resnet,full_to_limited,0.25,TaiChi,0.4297,0.75,0.501,28
resnet,full_to_limited,0.25,TennisSwing,0.6734,0.6457,0.6436,47
resnet,full_to_limited,0.25,ThrowDiscus,0.4526,0.2963,0.3311,37
resnet,full_to_limited,0.25,TrampolineJumping,0.7071,0.8138,0.7398,34
resnet,full_to_limited,0.25,Typing,0.7782,0.8873,0.8223,40
resnet,full_to_limited,0.25,UnevenBars,0.859,0.6473,0.7307,29
resnet,full_to_limited,0.25,VolleyballSpiking,0.7429,0.8719,0.7998,33
resnet,full_to_limited,0.25,WalkingWithDog,0.7156,0.4938,0.5649,35
resnet,full_to_limited,0.25,WallPushups,0.7631,0.7476,0.7317,38
resnet,full_to_limited,0.25,WritingOnBoard,0.8946,0.8178,0.8471,41
resnet,full_to_limited,0.25,YoYo,0.5954,0.5701,0.577,36
resnet,full_to_limited,0.5,ApplyEyeMakeup,0.6941,0.8877,0.7564,40
resnet,full_to_limited,0.5,ApplyLipstick,0.6883,0.814,0.7347,31
resnet,full_to_limited,0.5,Archery,0.6318,0.3111,0.4129,40
resnet,full_to_limited,0.5,BabyCrawling,0.7821,0.7365,0.7545,36
resnet,full_to_limited,0.5,BalanceBeam,0.9164,0.6415,0.7429,30
resnet,full_to_limited,0.5,BandMarching,0.8141,0.8086,0.806,44
resnet,full_to_limited,0.5,BaseballPitch,0.8384,0.8294,0.8243,41
resnet,full_to_limited,0.5,Basketball,0.7479,0.5368,0.6092,37
resnet,full_to_limited,0.5,BasketballDunk,0.9313,0.9734,0.9507,38
resnet,full_to_limited,0.5,BenchPress,0.9921,0.9535,0.9722,45
resnet,full_to_limited,0.5,Biking,0.8625,0.8158,0.8048,38
resnet,full_to_limited,0.5,Billiards,0.9317,0.9758,0.9519,43
resnet,full_to_limited,0.5,BlowDryHair,0.7328,0.5444,0.5998,37
resnet,full_to_limited,0.5,BlowingCandles,0.6924,0.9232,0.7809,30
resnet,full_to_limited,0.5,BodyWeightSquats,0.4302,0.4451,0.413,31
resnet,full_to_limited,0.5,Bowling,0.9607,0.9302,0.9443,43
resnet,full_to_limited,0.5,BoxingPunchingBag,0.8567,0.4333,0.5304,45
resnet,full_to_limited,0.5,BoxingSpeedBag,0.8056,0.7968,0.7994,38
resnet,full_to_limited,0.5,BreastStroke,0.7631,0.7303,0.7391,28
resnet,full_to_limited,0.5,BrushingTeeth,0.5151,0.3137,0.3839,35
resnet,full_to_limited,0.5,CleanAndJerk,0.9244,0.7646,0.8277,32
resnet,full_to_limited,0.5,CliffDiving,0.8667,0.5586,0.6718,39
resnet,full_to_limited,0.5,CricketBowling,0.4119,0.6026,0.4849,39
resnet,full_to_limited,0.5,CricketShot,0.6626,0.2506,0.3615,47
resnet,full_to_limited,0.5,CuttingInKitchen,0.6595,0.9159,0.725,31
resnet,full_to_limited,0.5,Diving,0.9066,0.9446,0.9239,42
resnet,full_to_limited,0.5,Drumming,0.829,0.7524,0.7847,45
resnet,full_to_limited,0.5,Fencing,0.9321,0.7716,0.838,32
resnet,full_to_limited,0.5,FieldHockeyPenalty,0.541,0.8438,0.654,36
resnet,full_to_limited,0.5,FloorGymnastics,0.7593,0.8129,0.7793,36
resnet,full_to_limited,0.5,FrisbeeCatch,0.7911,0.774,0.7645,36
resnet,full_to_limited,0.5,FrontCrawl,0.727,0.733,0.7144,38
resnet,full_to_limited,0.5,GolfSwing,0.515,0.7593,0.5952,37
resnet,full_to_limited,0.5,Haircut,0.5843,0.6195,0.5911,35
resnet,full_to_limited,0.5,HammerThrow,0.0,0.0,0.0,42
resnet,full_to_limited,0.5,Hammering,0.0,0.0,0.0,39
resnet,full_to_limited,0.5,HandstandPushups,0.857,0.6755,0.7542,36
resnet,full_to_limited,0.5,HandstandWalking,0.1594,0.3904,0.2106,31
resnet,full_to_limited,0.5,HeadMassage,0.7211,0.6646,0.6436,41
resnet,full_to_limited,0.5,HighJump,0.2519,0.0493,0.0814,34
resnet,full_to_limited,0.5,HorseRace,0.9244,0.9703,0.9451,35
resnet,full_to_limited,0.5,HorseRiding,0.8944,0.9621,0.925,46
resnet,full_to_limited,0.5,HulaHoop,0.4091,0.7196,0.4965,35
resnet,full_to_limited,0.5,IceDancing,0.8826,0.9689,0.9227,43
resnet,full_to_limited,0.5,JavelinThrow,0.2749,0.6703,0.3889,32
resnet,full_to_limited,0.5,JugglingBalls,0.5702,0.7769,0.6471,34
resnet,full_to_limited,0.5,JumpRope,0.023,0.0155,0.0185,40
resnet,full_to_limited,0.5,JumpingJack,0.0208,0.0323,0.0253,35
resnet,full_to_limited,0.5,Kayaking,0.7894,0.5201,0.5842,39
resnet,full_to_limited,0.5,Knitting,0.8408,0.9052,0.8696,35
resnet,full_to_limited,0.5,LongJump,0.9608,0.3444,0.4422,38
resnet,full_to_limited,0.5,Lunges,0.3877,0.3926,0.3692,36
resnet,full_to_limited,0.5,MilitaryParade,0.6778,0.8231,0.7357,35
resnet,full_to_limited,0.5,Mixing,0.7731,0.7886,0.7662,40
resnet,full_to_limited,0.5,MoppingFloor,0.4962,0.5783,0.4976,31
resnet,full_to_limited,0.5,Nunchucks,0.5161,0.3667,0.3978,37
resnet,full_to_limited,0.5,ParallelBars,0.9006,0.6494,0.7479,33
resnet,full_to_limited,0.5,PizzaTossing,0.2314,0.0777,0.1076,30
resnet,full_to_limited,0.5,PlayingCello,0.8927,0.9032,0.897,45
resnet,full_to_limited,0.5,PlayingDaf,0.693,0.8224,0.7491,42
resnet,full_to_limited,0.5,PlayingDhol,0.922,0.7806,0.8428,46
resnet,full_to_limited,0.5,PlayingFlute,0.7001,0.6845,0.6918,44
resnet,full_to_limited,0.5,PlayingGuitar,0.8789,0.9147,0.8842,46
resnet,full_to_limited,0.5,PlayingPiano,0.7922,0.9221,0.8357,30
resnet,full_to_limited,0.5,PlayingSitar,0.9509,0.858,0.901,44
resnet,full_to_limited,0.5,PlayingTabla,0.9429,0.6999,0.7907,31
resnet,full_to_limited,0.5,PlayingViolin,0.85,0.75,0.7754,28
resnet,full_to_limited,0.5,PoleVault,0.8597,0.4454,0.5617,41
resnet,full_to_limited,0.5,PommelHorse,0.9375,0.8087,0.8659,35
resnet,full_to_limited,0.5,PullUps,0.6386,0.7857,0.7017,28
resnet,full_to_limited,0.5,Punch,0.8409,0.8675,0.8537,44
resnet,full_to_limited,0.5,PushUps,0.8576,0.896,0.8673,29
resnet,full_to_limited,0.5,Rafting,0.874,0.6864,0.7634,32
resnet,full_to_limited,0.5,RockClimbingIndoor,0.6546,0.8891,0.7534,39
resnet,full_to_limited,0.5,RopeClimbing,0.5946,0.517,0.5365,34
resnet,full_to_limited,0.5,Rowing,0.8536,0.711,0.7519,39
resnet,full_to_limited,0.5,SalsaSpin,0.814,0.6134,0.6901,38
resnet,full_to_limited,0.5,ShavingBeard,0.7425,0.4776,0.5465,45
resnet,full_to_limited,0.5,Shotput,0.5139,0.4407,0.4526,41
resnet,full_to_limited,0.5,SkateBoarding,0.9078,0.7534,0.8206,34
resnet,full_to_limited,0.5,Skiing,0.8394,0.8535,0.8402,38
resnet,full_to_limited,0.5,Skijet,0.7083,0.881,0.7697,28
resnet,full_to_limited,0.5,SkyDiving,0.8133,0.868,0.8348,31
resnet,full_to_limited,0.5,SoccerJuggling,0.6415,0.6118,0.6095,40
resnet,full_to_limited,0.5,SoccerPenalty,0.8757,0.9169,0.8951,39
resnet,full_to_limited,0.5,StillRings,0.942,0.5599,0.6939,31
resnet,full_to_limited,0.5,SumoWrestling,0.9411,0.9403,0.9405,33
resnet,full_to_limited,0.5,Surfing,0.8028,0.8986,0.8448,37
resnet,full_to_limited,0.5,Swing,0.8218,0.6396,0.6949,37
resnet,full_to_limited,0.5,TableTennisShot,0.7086,0.6112,0.6479,37
resnet,full_to_limited,0.5,TaiChi,0.488,0.8214,0.5738,28
resnet,full_to_limited,0.5,TennisSwing,0.7424,0.7006,0.7052,47
resnet,full_to_limited,0.5,ThrowDiscus,0.5579,0.3859,0.4248,37
resnet,full_to_limited,0.5,TrampolineJumping,0.7302,0.8335,0.76,34
resnet,full_to_limited,0.5,Typing,0.8293,0.8615,0.8408,40
resnet,full_to_limited,0.5,UnevenBars,0.8436,0.683,0.7519,29
resnet,full_to_limited,0.5,VolleyballSpiking,0.7863,0.919,0.8463,33
resnet,full_to_limited,0.5,WalkingWithDog,0.7728,0.5608,0.6345,35
resnet,full_to_limited,0.5,WallPushups,0.8109,0.7508,0.7567,38
resnet,full_to_limited,0.5,WritingOnBoard,0.8917,0.8422,0.8626,41
resnet,full_to_limited,0.5,YoYo,0.7088,0.6267,0.6627,36
timesformer,direct,0.1,ApplyEyeMakeup,0.6489,0.9124,0.7445,40
timesformer,direct,0.1,ApplyLipstick,0.8,0.6277,0.7006,31
timesformer,direct,0.1,Archery,0.7964,0.3885,0.5098,40
timesformer,direct,0.1,BabyCrawling,0.71,0.568,0.5981,36
timesformer,direct,0.1,BalanceBeam,0.7493,0.7075,0.6909,30
timesformer,direct,0.1,BandMarching,0.8561,0.9228,0.8862,44
timesformer,direct,0.1,BaseballPitch,0.952,0.8103,0.8749,41
timesformer,direct,0.1,Basketball,0.904,0.3424,0.4935,37
timesformer,direct,0.1,BasketballDunk,0.8908,0.9741,0.9234,38
timesformer,direct,0.1,BenchPress,0.8678,0.8395,0.8488,45
timesformer,direct,0.1,Biking,0.8917,0.8941,0.8912,38
timesformer,direct,0.1,Billiards,1.0,0.9683,0.9833,43
timesformer,direct,0.1,BlowDryHair,0.9507,0.51,0.6161,37
timesformer,direct,0.1,BlowingCandles,0.7144,0.8762,0.7495,30
timesformer,direct,0.1,BodyWeightSquats,0.5173,0.3701,0.3842,31
timesformer,direct,0.1,Bowling,0.862,0.9767,0.9049,43
timesformer,direct,0.1,BoxingPunchingBag,0.888,0.7175,0.7926,45
timesformer,direct,0.1,BoxingSpeedBag,0.7874,0.8086,0.7855,38
timesformer,direct,0.1,BreastStroke,0.7929,0.4425,0.5099,28
timesformer,direct,0.1,BrushingTeeth,0.6126,0.3464,0.4258,35
timesformer,direct,0.1,CleanAndJerk,0.6955,0.7253,0.7026,32
timesformer,direct,0.1,CliffDiving,0.7374,0.7857,0.728,39
timesformer,direct,0.1,CricketBowling,0.4658,0.3078,0.3599,39
timesformer,direct,0.1,CricketShot,0.5352,0.6146,0.5687,47
timesformer,direct,0.1,CuttingInKitchen,0.6812,0.932,0.7725,31
timesformer,direct,0.1,Diving,0.9756,0.8972,0.9346,42
timesformer,direct,0.1,Drumming,0.9196,0.5881,0.7048,45
timesformer,direct,0.1,Fencing,0.9444,0.8069,0.8587,32
timesformer,direct,0.1,FieldHockeyPenalty,0.6721,0.7489,0.6209,36
timesformer,direct,0.1,FloorGymnastics,0.6179,0.9172,0.732,36
timesformer,direct,0.1,FrisbeeCatch,0.8387,0.7732,0.7736,36
timesformer,direct,0.1,FrontCrawl,0.6267,0.9051,0.7237,38
timesformer,direct,0.1,GolfSwing,0.6076,0.862,0.7062,37
timesformer,direct,0.1,Haircut,0.6871,0.5632,0.5949,35
timesformer,direct,0.1,HammerThrow,0.0,0.0,0.0,42
timesformer,direct,0.1,Hammering,0.0,0.0,0.0,39
timesformer,direct,0.1,HandstandPushups,0.7587,0.6567,0.7031,36
timesformer,direct,0.1,HandstandWalking,0.3189,0.2999,0.3085,31
timesformer,direct,0.1,HeadMassage,0.6291,0.9024,0.7225,41
timesformer,direct,0.1,HighJump,0.4127,0.575,0.4782,34
timesformer,direct,0.1,HorseRace,1.0,0.8859,0.9374,35
timesformer,direct,0.1,HorseRiding,0.9332,0.9629,0.9468,46
timesformer,direct,0.1,HulaHoop,0.7978,0.5832,0.6652,35
timesformer,direct,0.1,IceDancing,0.9922,0.9689,0.9801,43
timesformer,direct,0.1,JavelinThrow,0.2784,0.2685,0.2696,32
timesformer,direct,0.1,JugglingBalls,0.7856,0.8426,0.8044,34
timesformer,direct,0.1,JumpRope,0.0862,0.1282,0.1031,40
timesformer,direct,0.1,JumpingJack,0.0426,0.2366,0.0722,35
timesformer,direct,0.1,Kayaking,0.7848,0.7778,0.7415,39
timesformer,direct,0.1,Knitting,0.9221,0.9129,0.9174,35
timesformer,direct,0.1,LongJump,0.9792,0.3892,0.5447,38
timesformer,direct,0.1,Lunges,0.3747,0.4946,0.4126,36
timesformer,direct,0.1,MilitaryParade,0.8854,0.7272,0.7954,35
timesformer,direct,0.1,Mixing,0.8909,0.8082,0.8428,40
timesformer,direct,0.1,MoppingFloor,0.7284,0.5375,0.607,31
timesformer,direct,0.1,Nunchucks,0.4266,0.4183,0.3997,37
timesformer,direct,0.1,ParallelBars,0.871,0.7416,0.7511,33
timesformer,direct,0.1,PizzaTossing,0.3682,0.2041,0.257,30
timesformer,direct,0.1,PlayingCello,0.8836,0.7839,0.8079,45
timesformer,direct,0.1,PlayingDaf,0.9133,0.9097,0.909,42
timesformer,direct,0.1,PlayingDhol,0.6983,0.8678,0.7077,46
timesformer,direct,0.1,PlayingFlute,0.9102,0.7639,0.8302,44
timesformer,direct,0.1,PlayingGuitar,0.9454,0.855,0.8975,46
timesformer,direct,0.1,PlayingPiano,0.8686,0.8304,0.8459,30
timesformer,direct,0.1,PlayingSitar,0.9514,0.9166,0.93,44
timesformer,direct,0.1,PlayingTabla,0.8527,0.9462,0.8875,31
timesformer,direct,0.1,PlayingViolin,0.8966,0.7619,0.8179,28
timesformer,direct,0.1,PoleVault,0.8234,0.5402,0.6164,41
timesformer,direct,0.1,PommelHorse,0.8581,0.8756,0.8642,35
timesformer,direct,0.1,PullUps,0.6902,0.7619,0.722,28
timesformer,direct,0.1,Punch,0.9715,0.8469,0.9043,44
timesformer,direct,0.1,PushUps,0.6637,0.7429,0.692,29
timesformer,direct,0.1,Rafting,0.881,0.7424,0.7574,32
timesformer,direct,0.1,RockClimbingIndoor,0.837,0.88,0.8469,39
timesformer,direct,0.1,RopeClimbing,0.6818,0.2616,0.3105,34
timesformer,direct,0.1,Rowing,0.9322,0.9123,0.9201,39
timesformer,direct,0.1,SalsaSpin,0.706,0.7251,0.7065,38
timesformer,direct,0.1,ShavingBeard,0.7226,0.6336,0.6464,45
timesformer,direct,0.1,Shotput,0.5756,0.4883,0.5273,41
timesformer,direct,0.1,SkateBoarding,0.751,0.8494,0.7921,34
timesformer,direct,0.1,Skiing,0.8844,0.837,0.8577,38
timesformer,direct,0.1,Skijet,0.8881,0.881,0.8802,28
timesformer,direct,0.1,SkyDiving,0.8795,0.9304,0.9028,31
timesformer,direct,0.1,SoccerJuggling,0.7334,0.5893,0.62,40
timesformer,direct,0.1,SoccerPenalty,0.8745,0.9347,0.8994,39
timesformer,direct,0.1,StillRings,0.8602,0.8716,0.8646,31
timesformer,direct,0.1,SumoWrestling,0.907,0.9495,0.9267,33
timesformer,direct,0.1,Surfing,0.9156,0.8925,0.9031,37
timesformer,direct,0.1,Swing,0.8806,0.6866,0.7706,37
timesformer,direct,0.1,TableTennisShot,1.0,0.5998,0.7401,37
timesformer,direct,0.1,TaiChi,0.5616,0.5833,0.5637,28
timesformer,direct,0.1,TennisSwing,0.7375,0.89,0.7965,47
timesformer,direct,0.1,ThrowDiscus,0.502,0.4315,0.4031,37
timesformer,direct,0.1,TrampolineJumping,0.8924,0.804,0.8436,34
timesformer,direct,0.1,Typing,0.9079,0.8202,0.8531,40
timesformer,direct,0.1,UnevenBars,0.8301,0.8408,0.8342,29
timesformer,direct,0.1,VolleyballSpiking,0.8122,0.8053,0.7957,33
timesformer,direct,0.1,WalkingWithDog,0.7747,0.7449,0.7563,35
timesformer,direct,0.1,WallPushups,0.7246,0.5783,0.5721,38
timesformer,direct,0.1,WritingOnBoard,0.9487,0.8787,0.9046,41
timesformer,direct,0.1,YoYo,0.6882,0.4772,0.5067,36
timesformer,direct,0.25,ApplyEyeMakeup,0.8844,0.8505,0.8648,40
timesformer,direct,0.25,ApplyLipstick,0.9046,0.6759,0.7557,31
timesformer,direct,0.25,Archery,0.6809,0.5464,0.5572,40
timesformer,direct,0.25,BabyCrawling,0.8887,0.6764,0.7442,36
timesformer,direct,0.25,BalanceBeam,0.8163,0.8702,0.8225,30
timesformer,direct,0.25,BandMarching,0.9295,0.811,0.8605,44
timesformer,direct,0.25,BaseballPitch,0.8495,0.76,0.7887,41
timesformer,direct,0.25,Basketball,0.9116,0.4224,0.521,37
timesformer,direct,0.25,BasketballDunk,0.922,0.975,0.9428,38
timesformer,direct,0.25,BenchPress,0.9686,0.8918,0.9245,45
timesformer,direct,0.25,Biking,0.9403,0.8908,0.908,38
timesformer,direct,0.25,Billiards,0.9929,0.9917,0.9922,43
timesformer,direct,0.25,BlowDryHair,0.8473,0.6099,0.7057,37
timesformer,direct,0.25,BlowingCandles,0.9257,0.9115,0.9179,30
timesformer,direct,0.25,BodyWeightSquats,0.5669,0.4035,0.4004,31
timesformer,direct,0.25,Bowling,1.0,0.9612,0.9802,43
timesformer,direct,0.25,BoxingPunchingBag,0.8676,0.8136,0.8395,45
timesformer,direct,0.25,BoxingSpeedBag,0.8133,0.8919,0.8479,38
timesformer,direct,0.25,BreastStroke,0.8214,0.8695,0.8447,28
timesformer,direct,0.25,BrushingTeeth,0.6404,0.6193,0.6068,35
timesformer,direct,0.25,CleanAndJerk,0.8115,0.8081,0.7828,32
timesformer,direct,0.25,CliffDiving,0.845,0.8666,0.8556,39
timesformer,direct,0.25,CricketBowling,0.5332,0.6979,0.5878,39
timesformer,direct,0.25,CricketShot,0.4987,0.3537,0.4129,47
timesformer,direct,0.25,CuttingInKitchen,0.907,0.812,0.8361,31
timesformer,direct,0.25,Diving,0.7551,0.9773,0.8438,42
timesformer,direct,0.25,Drumming,0.8838,0.9108,0.8847,45
timesformer,direct,0.25,Fencing,0.9257,0.9102,0.914,32
timesformer,direct,0.25,FieldHockeyPenalty,0.7289,0.7787,0.7373,36
timesformer,direct,0.25,FloorGymnastics,0.662,0.8804,0.7465,36
timesformer,direct,0.25,FrisbeeCatch,0.9302,0.6057,0.7192,36
timesformer,direct,0.25,FrontCrawl,0.9189,0.8143,0.8624,38
timesformer,direct,0.25,GolfSwing,0.5689,0.7307,0.4973,37
timesformer,direct,0.25,Haircut,0.6652,0.72,0.6743,35
timesformer,direct,0.25,HammerThrow,0.0,0.0,0.0,42
timesformer,direct,0.25,Hammering,0.0,0.0,0.0,39
timesformer,direct,0.25,HandstandPushups,0.7608,0.7306,0.6757,36
timesformer,direct,0.25,HandstandWalking,0.371,0.3687,0.3659,31
timesformer,direct,0.25,HeadMassage,0.8997,0.8028,0.8366,41
timesformer,direct,0.25,HighJump,0.5474,0.425,0.3745,34
timesformer,direct,0.25,HorseRace,0.9792,0.9506,0.9646,35
timesformer,direct,0.25,HorseRiding,0.9333,0.9477,0.9367,46
timesformer,direct,0.25,HulaHoop,0.6446,0.7158,0.6444,35
timesformer,direct,0.25,IceDancing,0.9693,0.9776,0.9733,43
timesformer,direct,0.25,JavelinThrow,0.4039,0.5073,0.4484,32
timesformer,direct,0.25,JugglingBalls,0.9151,0.5725,0.6233,34
timesformer,direct,0.25,JumpRope,0.0,0.0,0.0,40
timesformer,direct,0.25,JumpingJack,0.0,0.0,0.0,35
timesformer,direct,0.25,Kayaking,0.8202,0.7041,0.7513,39
timesformer,direct,0.25,Knitting,0.9667,0.9608,0.9621,35
timesformer,direct,0.25,LongJump,0.7931,0.6118,0.6761,38
timesformer,direct,0.25,Lunges,0.6014,0.4683,0.4777,36
timesformer,direct,0.25,MilitaryParade,0.8929,0.7565,0.7572,35
timesformer,direct,0.25,Mixing,0.9366,0.9372,0.9368,40
timesformer,direct,0.25,MoppingFloor,0.8291,0.4773,0.5169,31
timesformer,direct,0.25,Nunchucks,0.4345,0.5332,0.4318,37
timesformer,direct,0.25,ParallelBars,0.7358,0.925,0.8084,33
timesformer,direct,0.25,PizzaTossing,0.4981,0.6186,0.5121,30
timesformer,direct,0.25,PlayingCello,0.9549,0.9254,0.9385,45
timesformer,direct,0.25,PlayingDaf,1.0,0.7886,0.8717,42
timesformer,direct,0.25,PlayingDhol,0.9427,0.9675,0.9545,46
timesformer,direct,0.25,PlayingFlute,0.7386,0.9067,0.7952,44
timesformer,direct,0.25,PlayingGuitar,0.98,0.9543,0.9658,46
timesformer,direct,0.25,PlayingPiano,0.9451,0.9661,0.9547,30
timesformer,direct,0.25,PlayingSitar,0.9929,0.947,0.9676,44
timesformer,direct,0.25,PlayingTabla,0.9583,0.8387,0.892,31
timesformer,direct,0.25,PlayingViolin,0.9165,0.7619,0.8042,28
timesformer,direct,0.25,PoleVault,0.6433,0.8268,0.7124,41
timesformer,direct,0.25,PommelHorse,0.9458,0.8381,0.8847,35
timesformer,direct,0.25,PullUps,0.684,0.7143,0.6602,28
timesformer,direct,0.25,Punch,0.9907,0.8649,0.923,44
timesformer,direct,0.25,PushUps,0.7782,0.8151,0.7809,29
timesformer,direct,0.25,Rafting,0.8265,0.8557,0.8295,32
timesformer,direct,0.25,RockClimbingIndoor,0.8817,0.8715,0.8713,39
timesformer,direct,0.25,RopeClimbing,0.6068,0.5772,0.5631,34
timesformer,direct,0.25,Rowing,0.9448,0.8435,0.8891,39
timesformer,direct,0.25,SalsaSpin,0.906,0.7951,0.8421,38
timesformer,direct,0.25,ShavingBeard,0.5569,0.8295,0.6415,45
timesformer,direct,0.25,Shotput,0.5716,0.629,0.5844,41
timesformer,direct,0.25,SkateBoarding,0.9661,0.8411,0.8992,34
timesformer,direct,0.25,Skiing,0.9324,0.8912,0.9101,38
timesformer,direct,0.25,Skijet,0.7712,0.9048,0.8053,28
timesformer,direct,0.25,SkyDiving,1.0,0.9287,0.9622,31
timesformer,direct,0.25,SoccerJuggling,0.7833,0.5001,0.5877,40
timesformer,direct,0.25,SoccerPenalty,0.9574,0.9143,0.9304,39
timesformer,direct,0.25,StillRings,0.9375,0.6182,0.7147,31
timesformer,direct,0.25,SumoWrestling,0.9902,0.9094,0.947,33
timesformer,direct,0.25,Surfing,0.8843,0.9285,0.9018,37
timesformer,direct,0.25,Swing,0.9848,0.5591,0.7107,37
timesformer,direct,0.25,TableTennisShot,0.938,0.7148,0.7949,37
timesformer,direct,0.25,TaiChi,0.6261,0.7024,0.6535,28
timesformer,direct,0.25,TennisSwing,0.8552,0.7539,0.7918,47
timesformer,direct,0.25,ThrowDiscus,0.4012,0.4938,0.4331,37
timesformer,direct,0.25,TrampolineJumping,0.951,0.7942,0.8582,34
timesformer,direct,0.25,Typing,0.9733,0.8965,0.9302,40
timesformer,direct,0.25,UnevenBars,0.9289,0.7917,0.8446,29
timesformer,direct,0.25,VolleyballSpiking,0.8294,0.8859,0.8466,33
timesformer,direct,0.25,WalkingWithDog,0.8294,0.703,0.7595,35
timesformer,direct,0.25,WallPushups,0.7538,0.7127,0.6643,38
timesformer,direct,0.25,WritingOnBoard,0.9728,0.9232,0.945,41
timesformer,direct,0.25,YoYo,0.6876,0.591,0.5637,36
timesformer,direct,0.5,ApplyEyeMakeup,0.7395,0.9231,0.8171,40
timesformer,direct,0.5,ApplyLipstick,0.8848,0.8555,0.8619,31
timesformer,direct,0.5,Archery,0.6388,0.6613,0.5986,40
timesformer,direct,0.5,BabyCrawling,0.8914,0.6042,0.6952,36
timesformer,direct,0.5,BalanceBeam,0.9073,0.8595,0.8763,30
timesformer,direct,0.5,BandMarching,0.7948,0.909,0.8357,44
timesformer,direct,0.5,BaseballPitch,0.876,0.8097,0.8347,41
timesformer,direct,0.5,Basketball,0.7951,0.6127,0.6701,37
timesformer,direct,0.5,BasketballDunk,0.966,0.9917,0.9786,38
timesformer,direct,0.5,BenchPress,0.9697,0.9159,0.9388,45
timesformer,direct,0.5,Biking,0.8611,1.0,0.9218,38
timesformer,direct,0.5,Billiards,0.9848,1.0,0.9922,43
timesformer,direct,0.5,BlowDryHair,0.8604,0.4291,0.5578,37
timesformer,direct,0.5,BlowingCandles,0.765,0.9133,0.8202,30
timesformer,direct,0.5,BodyWeightSquats,0.7949,0.5951,0.6722,31
timesformer,direct,0.5,Bowling,0.942,0.9612,0.9505,43
timesformer,direct,0.5,BoxingPunchingBag,0.9381,0.8061,0.8655,45
timesformer,direct,0.5,BoxingSpeedBag,0.7833,0.8212,0.7994,38
timesformer,direct,0.5,BreastStroke,0.9363,0.8473,0.8892,28
timesformer,direct,0.5,BrushingTeeth,0.7952,0.5752,0.6636,35
timesformer,direct,0.5,CleanAndJerk,0.9119,0.7465,0.8186,32
timesformer,direct,0.5,CliffDiving,0.9296,0.827,0.8698,39
timesformer,direct,0.5,CricketBowling,0.638,0.422,0.5038,39
timesformer,direct,0.5,CricketShot,0.5644,0.6047,0.5806,47
timesformer,direct,0.5,CuttingInKitchen,0.8249,0.8897,0.8409,31
timesformer,direct,0.5,Diving,0.9473,0.9924,0.9681,42
timesformer,direct,0.5,Drumming,0.832,0.8172,0.8182,45
timesformer,direct,0.5,Fencing,0.9408,0.9004,0.9198,32
timesformer,direct,0.5,FieldHockeyPenalty,0.7549,0.7611,0.7509,36
timesformer,direct,0.5,FloorGymnastics,0.7954,0.9722,0.8681,36
timesformer,direct,0.5,FrisbeeCatch,0.8572,0.8487,0.8317,36
timesformer,direct,0.5,FrontCrawl,0.8829,0.9035,0.8922,38
timesformer,direct,0.5,GolfSwing,0.7132,0.8576,0.7594,37
timesformer,direct,0.5,Haircut,0.5703,0.79,0.6496,35
timesformer,direct,0.5,HammerThrow,0.0,0.0,0.0,42
timesformer,direct,0.5,Hammering,0.0,0.0,0.0,39
timesformer,direct,0.5,HandstandPushups,0.7089,0.4811,0.5577,36
timesformer,direct,0.5,HandstandWalking,0.4172,0.5707,0.4043,31
timesformer,direct,0.5,HeadMassage,0.7692,0.9098,0.8273,41
timesformer,direct,0.5,HighJump,0.3644,0.5326,0.4327,34
timesformer,direct,0.5,HorseRace,1.0,0.9506,0.9743,35
timesformer,direct,0.5,HorseRiding,1.0,0.9553,0.9769,46
timesformer,direct,0.5,HulaHoop,0.7957,0.7166,0.7523,35
timesformer,direct,0.5,IceDancing,1.0,0.9841,0.9919,43
timesformer,direct,0.5,JavelinThrow,0.5232,0.5402,0.4713,32
timesformer,direct,0.5,JugglingBalls,0.9369,0.7203,0.8093,34
timesformer,direct,0.5,JumpRope,0.017,0.0165,0.0166,40
timesformer,direct,0.5,JumpingJack,0.0208,0.043,0.0281,35
timesformer,direct,0.5,Kayaking,0.8206,0.8345,0.8053,39
timesformer,direct,0.5,Knitting,0.9483,1.0,0.9726,35
timesformer,direct,0.5,LongJump,0.9182,0.4562,0.5865,38
timesformer,direct,0.5,Lunges,0.7737,0.5906,0.6619,36
timesformer,direct,0.5,MilitaryParade,0.8529,0.9168,0.8835,35
timesformer,direct,0.5,Mixing,0.8748,0.8685,0.8635,40
timesformer,direct,0.5,MoppingFloor,0.7945,0.778,0.7796,31
timesformer,direct,0.5,Nunchucks,0.493,0.4617,0.4487,37
timesformer,direct,0.5,ParallelBars,0.7268,0.9149,0.7984,33
timesformer,direct,0.5,PizzaTossing,0.6208,0.4866,0.528,30
timesformer,direct,0.5,PlayingCello,0.8957,0.9774,0.9323,45
timesformer,direct,0.5,PlayingDaf,0.961,0.8661,0.9056,42
timesformer,direct,0.5,PlayingDhol,0.9162,0.9018,0.9073,46
timesformer,direct,0.5,PlayingFlute,0.8481,0.8661,0.8565,44
timesformer,direct,0.5,PlayingGuitar,0.9615,0.8886,0.9184,46
timesformer,direct,0.5,PlayingPiano,0.8838,0.8496,0.8567,30
timesformer,direct,0.5,PlayingSitar,0.9796,0.9003,0.9355,44
timesformer,direct,0.5,PlayingTabla,0.9472,0.8935,0.918,31
timesformer,direct,0.5,PlayingViolin,0.8644,0.8214,0.8266,28
timesformer,direct,0.5,PoleVault,0.6789,0.8845,0.7469,41
timesformer,direct,0.5,PommelHorse,0.9646,0.8277,0.8898,35
timesformer,direct,0.5,PullUps,0.8056,0.7857,0.7668,28
timesformer,direct,0.5,Punch,0.9848,0.9008,0.9406,44
timesformer,direct,0.5,PushUps,0.7573,0.8008,0.7778,29
timesformer,direct,0.5,Rafting,0.9428,0.8315,0.8741,32
timesformer,direct,0.5,RockClimbingIndoor,0.9709,0.8879,0.9269,39
timesformer,direct,0.5,RopeClimbing,0.6396,0.7207,0.6134,34
timesformer,direct,0.5,Rowing,0.95,0.9095,0.9272,39
timesformer,direct,0.5,SalsaSpin,0.5909,0.7623,0.663,38
timesformer,direct,0.5,ShavingBeard,0.8472,0.578,0.6234,45
timesformer,direct,0.5,Shotput,0.6611,0.3592,0.4627,41
timesformer,direct,0.5,SkateBoarding,0.8214,0.8914,0.8382,34
timesformer,direct,0.5,Skiing,0.8963,0.8897,0.8929,38
timesformer,direct,0.5,Skijet,0.8152,0.9881,0.8867,28
timesformer,direct,0.5,SkyDiving,0.9209,0.9483,0.9332,31
timesformer,direct,0.5,SoccerJuggling,0.7059,0.678,0.6884,40
timesformer,direct,0.5,SoccerPenalty,0.9074,0.9454,0.9256,39
timesformer,direct,0.5,StillRings,0.9608,0.8824,0.9118,31
timesformer,direct,0.5,SumoWrestling,0.9896,0.9296,0.9581,33
timesformer,direct,0.5,Surfing,0.9478,0.9915,0.9688,37
timesformer,direct,0.5,Swing,0.8484,0.9016,0.8621,37
timesformer,direct,0.5,TableTennisShot,0.839,0.8385,0.8367,37
timesformer,direct,0.5,TaiChi,0.5783,0.7619,0.6563,28
timesformer,direct,0.5,TennisSwing,0.8059,0.8239,0.8124,47
timesformer,direct,0.5,ThrowDiscus,0.4689,0.8022,0.5782,37
timesformer,direct,0.5,TrampolineJumping,0.8938,0.8043,0.8464,34
timesformer,direct,0.5,Typing,0.9924,0.8202,0.8887,40
timesformer,direct,0.5,UnevenBars,0.9501,0.8676,0.9058,29
timesformer,direct,0.5,VolleyballSpiking,0.8325,0.8838,0.8547,33
timesformer,direct,0.5,WalkingWithDog,0.9046,0.7411,0.8139,35
timesformer,direct,0.5,WallPushups,0.8277,0.6503,0.7209,38
timesformer,direct,0.5,WritingOnBoard,0.9659,0.9025,0.9287,41
timesformer,direct,0.5,YoYo,0.7814,0.4955,0.5974,36
timesformer,full_to_limited,0.1,ApplyEyeMakeup,0.8639,0.6719,0.7503,40
timesformer,full_to_limited,0.1,ApplyLipstick,0.5473,0.8715,0.6566,31
timesformer,full_to_limited,0.1,Archery,0.6166,0.3323,0.4285,40
timesformer,full_to_limited,0.1,BabyCrawling,0.8776,0.684,0.7472,36
timesformer,full_to_limited,0.1,BalanceBeam,0.9044,0.7582,0.8211,30
timesformer,full_to_limited,0.1,BandMarching,0.7178,0.9397,0.8122,44
timesformer,full_to_limited,0.1,BaseballPitch,0.9578,0.6038,0.7246,41
timesformer,full_to_limited,0.1,Basketball,0.8926,0.3762,0.5056,37
timesformer,full_to_limited,0.1,BasketballDunk,0.9437,0.8972,0.9137,38
timesformer,full_to_limited,0.1,BenchPress,0.8742,0.8979,0.8804,45
timesformer,full_to_limited,0.1,Biking,0.9877,0.8491,0.9098,38
timesformer,full_to_limited,0.1,Billiards,1.0,0.9758,0.9877,43
timesformer,full_to_limited,0.1,BlowDryHair,0.8322,0.459,0.5668,37
timesformer,full_to_limited,0.1,BlowingCandles,0.8615,0.8249,0.8413,30
timesformer,full_to_limited,0.1,BodyWeightSquats,0.4111,0.1965,0.2585,31
timesformer,full_to_limited,0.1,Bowling,0.968,0.876,0.9155,43
timesformer,full_to_limited,0.1,BoxingPunchingBag,0.925,0.6752,0.7745,45
timesformer,full_to_limited,0.1,BoxingSpeedBag,0.7545,0.8108,0.7757,38
timesformer,full_to_limited,0.1,BreastStroke,0.7963,0.5489,0.5728,28
timesformer,full_to_limited,0.1,BrushingTeeth,0.4997,0.3824,0.4235,35
timesformer,full_to_limited,0.1,CleanAndJerk,0.799,0.4152,0.5274,32
timesformer,full_to_limited,0.1,CliffDiving,0.664,0.6074,0.5511,39
timesformer,full_to_limited,0.1,CricketBowling,0.628,0.5009,0.556,39
timesformer,full_to_limited,0.1,CricketShot,0.5777,0.6232,0.5691,47
timesformer,full_to_limited,0.1,CuttingInKitchen,0.9246,0.823,0.8698,31
timesformer,full_to_limited,0.1,Diving,0.8329,0.9158,0.8652,42
timesformer,full_to_limited,0.1,Drumming,0.695,0.8556,0.7259,45
timesformer,full_to_limited,0.1,Fencing,0.9671,0.8181,0.8829,32
timesformer,full_to_limited,0.1,FieldHockeyPenalty,0.7141,0.7335,0.6939,36
timesformer,full_to_limited,0.1,FloorGymnastics,0.8519,0.7682,0.8059,36
timesformer,full_to_limited,0.1,FrisbeeCatch,0.6905,0.8479,0.7521,36
timesformer,full_to_limited,0.1,FrontCrawl,0.7411,0.7649,0.7428,38
timesformer,full_to_limited,0.1,GolfSwing,0.4577,0.8072,0.5657,37
timesformer,full_to_limited,0.1,Haircut,0.3959,0.8898,0.5326,35
timesformer,full_to_limited,0.1,HammerThrow,0.0,0.0,0.0,42
timesformer,full_to_limited,0.1,Hammering,0.0,0.0,0.0,39
timesformer,full_to_limited,0.1,HandstandPushups,0.7139,0.7721,0.7324,36
timesformer,full_to_limited,0.1,HandstandWalking,0.3762,0.3001,0.3313,31
timesformer,full_to_limited,0.1,HeadMassage,0.7896,0.7453,0.7595,41
timesformer,full_to_limited,0.1,HighJump,0.3833,0.0939,0.1396,34
timesformer,full_to_limited,0.1,HorseRace,1.0,0.7658,0.864,35
timesformer,full_to_limited,0.1,HorseRiding,0.9365,0.8939,0.9098,46
timesformer,full_to_limited,0.1,HulaHoop,0.8905,0.6496,0.7498,35
timesformer,full_to_limited,0.1,IceDancing,0.9683,0.961,0.9644,43
timesformer,full_to_limited,0.1,JavelinThrow,0.2818,0.4145,0.288,32
timesformer,full_to_limited,0.1,JugglingBalls,0.6552,0.7516,0.6897,34
timesformer,full_to_limited,0.1,JumpRope,0.1111,0.0388,0.0575,40
timesformer,full_to_limited,0.1,JumpingJack,0.1105,0.2709,0.1566,35
timesformer,full_to_limited,0.1,Kayaking,0.9076,0.6614,0.7101,39
timesformer,full_to_limited,0.1,Knitting,1.0,0.951,0.9742,35
timesformer,full_to_limited,0.1,LongJump,0.8667,0.2347,0.3561,38
timesformer,full_to_limited,0.1,Lunges,0.3893,0.4054,0.39,36
timesformer,full_to_limited,0.1,MilitaryParade,0.9378,0.7186,0.8128,35
timesformer,full_to_limited,0.1,Mixing,0.7902,0.9515,0.851,40
timesformer,full_to_limited,0.1,MoppingFloor,0.7689,0.599,0.6698,31
timesformer,full_to_limited,0.1,Nunchucks,0.2651,0.4814,0.3214,37
timesformer,full_to_limited,0.1,ParallelBars,0.8616,0.4825,0.6062,33
timesformer,full_to_limited,0.1,PizzaTossing,0.3866,0.334,0.2827,30
timesformer,full_to_limited,0.1,PlayingCello,0.9333,0.8263,0.8563,45
timesformer,full_to_limited,0.1,PlayingDaf,0.8927,0.9171,0.8999,42
timesformer,full_to_limited,0.1,PlayingDhol,0.7795,0.949,0.8357,46
timesformer,full_to_limited,0.1,PlayingFlute,0.7104,0.7718,0.7084,44
timesformer,full_to_limited,0.1,PlayingGuitar,0.9928,0.8699,0.9246,46
timesformer,full_to_limited,0.1,PlayingPiano,0.8873,0.8745,0.8782,30
timesformer,full_to_limited,0.1,PlayingSitar,1.0,0.8307,0.8983,44
timesformer,full_to_limited,0.1,PlayingTabla,0.765,0.9036,0.7973,31
timesformer,full_to_limited,0.1,PlayingViolin,0.9522,0.7857,0.8498,28
timesformer,full_to_limited,0.1,PoleVault,0.6889,0.5484,0.5234,41
timesformer,full_to_limited,0.1,PommelHorse,0.9896,0.8849,0.933,35
timesformer,full_to_limited,0.1,PullUps,0.8994,0.6905,0.759,28
timesformer,full_to_limited,0.1,Punch,0.9578,0.886,0.9204,44
timesformer,full_to_limited,0.1,PushUps,0.7678,0.5802,0.6033,29
timesformer,full_to_limited,0.1,Rafting,0.851,0.8057,0.8249,32
timesformer,full_to_limited,0.1,RockClimbingIndoor,0.9101,0.8716,0.8902,39
timesformer,full_to_limited,0.1,RopeClimbing,0.4109,0.3907,0.3589,34
timesformer,full_to_limited,0.1,Rowing,0.7856,0.8877,0.8288,39
timesformer,full_to_limited,0.1,SalsaSpin,0.8234,0.7296,0.7538,38
timesformer,full_to_limited,0.1,ShavingBeard,0.6926,0.5241,0.5773,45
timesformer,full_to_limited,0.1,Shotput,0.7219,0.4398,0.5304,41
timesformer,full_to_limited,0.1,SkateBoarding,0.9193,0.8235,0.8616,34
timesformer,full_to_limited,0.1,Skiing,0.9294,0.7845,0.8492,38
timesformer,full_to_limited,0.1,Skijet,0.7887,0.8929,0.8326,28
timesformer,full_to_limited,0.1,SkyDiving,0.9596,0.8238,0.8761,31
timesformer,full_to_limited,0.1,SoccerJuggling,0.5963,0.5939,0.5914,40
timesformer,full_to_limited,0.1,SoccerPenalty,0.9681,0.7883,0.8673,39
timesformer,full_to_limited,0.1,StillRings,0.909,0.6227,0.7376,31
timesformer,full_to_limited,0.1,SumoWrestling,0.9317,0.9495,0.9391,33
timesformer,full_to_limited,0.1,Surfing,0.9298,0.866,0.892,37
timesformer,full_to_limited,0.1,Swing,0.8667,0.6275,0.6774,37
timesformer,full_to_limited,0.1,TableTennisShot,0.8379,0.5692,0.6561,37
timesformer,full_to_limited,0.1,TaiChi,0.3407,0.6429,0.4346,28
timesformer,full_to_limited,0.1,TennisSwing,0.629,0.7885,0.6998,47
timesformer,full_to_limited,0.1,ThrowDiscus,0.4399,0.356,0.3699,37
timesformer,full_to_limited,0.1,TrampolineJumping,0.91,0.774,0.8363,34
timesformer,full_to_limited,0.1,Typing,0.9324,0.9423,0.936,40
timesformer,full_to_limited,0.1,UnevenBars,0.7778,0.7054,0.7333,29
timesformer,full_to_limited,0.1,VolleyballSpiking,0.8107,0.7927,0.8016,33
timesformer,full_to_limited,0.1,WalkingWithDog,0.7081,0.6117,0.6529,35
timesformer,full_to_limited,0.1,WallPushups,0.7254,0.7132,0.6992,38
timesformer,full_to_limited,0.1,WritingOnBoard,0.8788,0.8893,0.8706,41
timesformer,full_to_limited,0.1,YoYo,0.7083,0.5606,0.5817,36
timesformer,full_to_limited,0.25,ApplyEyeMakeup,0.831,0.6557,0.7316,40
timesformer,full_to_limited,0.25,ApplyLipstick,0.5846,0.8802,0.6799,31
timesformer,full_to_limited,0.25,Archery,0.6746,0.4756,0.5558,40
timesformer,full_to_limited,0.25,BabyCrawling,0.8954,0.8039,0.8333,36
timesformer,full_to_limited,0.25,BalanceBeam,0.8929,0.7935,0.8365,30
timesformer,full_to_limited,0.25,BandMarching,0.7612,0.9623,0.8488,44
timesformer,full_to_limited,0.25,BaseballPitch,0.9776,0.6129,0.7357,41
timesformer,full_to_limited,0.25,Basketball,0.9697,0.4404,0.5914,37
timesformer,full_to_limited,0.25,BasketballDunk,0.9582,0.9491,0.9514,38
timesformer,full_to_limited,0.25,BenchPress,0.9127,0.9323,0.9219,45
timesformer,full_to_limited,0.25,Biking,0.9833,0.9009,0.9368,38
timesformer,full_to_limited,0.25,Billiards,1.0,0.9837,0.9918,43
timesformer,full_to_limited,0.25,BlowDryHair,0.7658,0.4554,0.5464,37
timesformer,full_to_limited,0.25,BlowingCandles,0.8624,0.8598,0.8562,30
timesformer,full_to_limited,0.25,BodyWeightSquats,0.7291,0.4562,0.559,31
timesformer,full_to_limited,0.25,Bowling,0.9841,0.9535,0.9683,43
timesformer,full_to_limited,0.25,BoxingPunchingBag,0.8993,0.7706,0.8272,45
timesformer,full_to_limited,0.25,BoxingSpeedBag,0.7695,0.8559,0.8069,38
timesformer,full_to_limited,0.25,BreastStroke,0.872,0.585,0.6572,28
timesformer,full_to_limited,0.25,BrushingTeeth,0.4952,0.3922,0.4294,35
timesformer,full_to_limited,0.25,CleanAndJerk,0.8139,0.6677,0.7258,32
timesformer,full_to_limited,0.25,CliffDiving,0.7596,0.743,0.6882,39
timesformer,full_to_limited,0.25,CricketBowling,0.5747,0.4923,0.5274,39
timesformer,full_to_limited,0.25,CricketShot,0.5577,0.5863,0.5527,47
timesformer,full_to_limited,0.25,CuttingInKitchen,0.9639,0.8862,0.9219,31
timesformer,full_to_limited,0.25,Diving,0.8712,0.9545,0.9054,42
timesformer,full_to_limited,0.25,Drumming,0.7211,0.8773,0.7557,45
timesformer,full_to_limited,0.25,Fencing,0.9902,0.8582,0.9169,32
timesformer,full_to_limited,0.25,FieldHockeyPenalty,0.7547,0.789,0.7543,36
timesformer,full_to_limited,0.25,FloorGymnastics,0.8658,0.8706,0.8671,36
timesformer,full_to_limited,0.25,FrisbeeCatch,0.7052,0.8683,0.7689,36
timesformer,full_to_limited,0.25,FrontCrawl,0.7737,0.8695,0.8126,38
timesformer,full_to_limited,0.25,GolfSwing,0.5705,0.8779,0.68,37
timesformer,full_to_limited,0.25,Haircut,0.4473,0.8993,0.5829,35
timesformer,full_to_limited,0.25,HammerThrow,0.0,0.0,0.0,42
timesformer,full_to_limited,0.25,Hammering,0.0,0.0,0.0,39
timesformer,full_to_limited,0.25,HandstandPushups,0.7698,0.7443,0.7518,36
timesformer,full_to_limited,0.25,HandstandWalking,0.5298,0.3822,0.4417,31
timesformer,full_to_limited,0.25,HeadMassage,0.7761,0.8354,0.8033,41
timesformer,full_to_limited,0.25,HighJump,0.4333,0.1252,0.1819,34
timesformer,full_to_limited,0.25,HorseRace,0.9744,0.8242,0.8921,35
timesformer,full_to_limited,0.25,HorseRiding,0.9232,0.9621,0.9392,46
timesformer,full_to_limited,0.25,HulaHoop,0.9227,0.6694,0.7692,35
timesformer,full_to_limited,0.25,IceDancing,0.9777,0.9769,0.9772,43
timesformer,full_to_limited,0.25,JavelinThrow,0.3486,0.5187,0.3654,32
timesformer,full_to_limited,0.25,JugglingBalls,0.7392,0.8159,0.7687,34
timesformer,full_to_limited,0.25,JumpRope,0.0222,0.0078,0.0115,40
timesformer,full_to_limited,0.25,JumpingJack,0.0485,0.0718,0.0572,35
timesformer,full_to_limited,0.25,Kayaking,0.8717,0.719,0.7465,39
timesformer,full_to_limited,0.25,Knitting,0.9902,0.9706,0.9801,35
timesformer,full_to_limited,0.25,LongJump,0.8736,0.3313,0.4562,38
timesformer,full_to_limited,0.25,Lunges,0.4252,0.4509,0.4278,36
timesformer,full_to_limited,0.25,MilitaryParade,0.9861,0.7177,0.8301,35
timesformer,full_to_limited,0.25,Mixing,0.833,0.9515,0.879,40
timesformer,full_to_limited,0.25,MoppingFloor,0.7852,0.7129,0.7426,31
timesformer,full_to_limited,0.25,Nunchucks,0.2968,0.5272,0.3646,37
timesformer,full_to_limited,0.25,ParallelBars,0.8645,0.5874,0.6931,33
timesformer,full_to_limited,0.25,PizzaTossing,0.5726,0.3974,0.3176,30
timesformer,full_to_limited,0.25,PlayingCello,0.9495,0.8712,0.8934,45
timesformer,full_to_limited,0.25,PlayingDaf,0.9408,0.9319,0.9336,42
timesformer,full_to_limited,0.25,PlayingDhol,0.8371,0.9641,0.8868,46
timesformer,full_to_limited,0.25,PlayingFlute,0.7591,0.8264,0.7666,44
timesformer,full_to_limited,0.25,PlayingGuitar,1.0,0.8669,0.9258,46
timesformer,full_to_limited,0.25,PlayingPiano,0.9444,0.8864,0.9115,30
timesformer,full_to_limited,0.25,PlayingSitar,1.0,0.8839,0.9314,44
timesformer,full_to_limited,0.25,PlayingTabla,0.83,0.9036,0.8471,31
timesformer,full_to_limited,0.25,PlayingViolin,0.9389,0.8333,0.8791,28
timesformer,full_to_limited,0.25,PoleVault,0.6391,0.6452,0.5811,41
timesformer,full_to_limited,0.25,PommelHorse,1.0,0.9235,0.9589,35
timesformer,full_to_limited,0.25,PullUps,0.9087,0.6548,0.7437,28
timesformer,full_to_limited,0.25,Punch,0.9737,0.8934,0.9318,44
timesformer,full_to_limited,0.25,PushUps,0.8194,0.6397,0.6687,29
timesformer,full_to_limited,0.25,Rafting,0.8885,0.8399,0.8624,32
timesformer,full_to_limited,0.25,RockClimbingIndoor,0.8893,0.8973,0.8931,39
timesformer,full_to_limited,0.25,RopeClimbing,0.4901,0.5375,0.4889,34
timesformer,full_to_limited,0.25,Rowing,0.8251,0.8863,0.8511,39
timesformer,full_to_limited,0.25,SalsaSpin,0.8448,0.7685,0.7863,38
timesformer,full_to_limited,0.25,ShavingBeard,0.767,0.5874,0.6619,45
timesformer,full_to_limited,0.25,Shotput,0.7031,0.4443,0.5349,41
timesformer,full_to_limited,0.25,SkateBoarding,0.8867,0.8732,0.8737,34
timesformer,full_to_limited,0.25,Skiing,0.9093,0.873,0.8896,38
timesformer,full_to_limited,0.25,Skijet,0.8372,0.9286,0.8772,28
timesformer,full_to_limited,0.25,SkyDiving,0.9596,0.8444,0.8896,31
timesformer,full_to_limited,0.25,SoccerJuggling,0.7651,0.6591,0.7068,40
timesformer,full_to_limited,0.25,SoccerPenalty,0.9815,0.805,0.8813,39
timesformer,full_to_limited,0.25,StillRings,0.9154,0.697,0.7895,31
timesformer,full_to_limited,0.25,SumoWrestling,0.97,0.9495,0.9582,33
timesformer,full_to_limited,0.25,Surfing,0.9386,0.9022,0.9163,37
timesformer,full_to_limited,0.25,Swing,0.8791,0.6943,0.7333,37
timesformer,full_to_limited,0.25,TableTennisShot,0.8725,0.5879,0.6827,37
timesformer,full_to_limited,0.25,TaiChi,0.4561,0.7024,0.5123,28
timesformer,full_to_limited,0.25,TennisSwing,0.6449,0.8318,0.7264,47
timesformer,full_to_limited,0.25,ThrowDiscus,0.5254,0.4651,0.4702,37
timesformer,full_to_limited,0.25,TrampolineJumping,0.9156,0.7936,0.8489,34
timesformer,full_to_limited,0.25,Typing,0.9384,0.9603,0.9472,40
timesformer,full_to_limited,0.25,UnevenBars,0.8284,0.8333,0.8265,29
timesformer,full_to_limited,0.25,VolleyballSpiking,0.7688,0.9177,0.8363,33
timesformer,full_to_limited,0.25,WalkingWithDog,0.7506,0.734,0.742,35
timesformer,full_to_limited,0.25,WallPushups,0.824,0.7444,0.77,38
timesformer,full_to_limited,0.25,WritingOnBoard,0.8872,0.9232,0.8979,41
timesformer,full_to_limited,0.25,YoYo,0.7636,0.5886,0.6445,36
timesformer,full_to_limited,0.5,ApplyEyeMakeup,0.9036,0.6818,0.7739,40
timesformer,full_to_limited,0.5,ApplyLipstick,0.6525,0.8917,0.7295,31
timesformer,full_to_limited,0.5,Archery,0.764,0.6076,0.6717,40
timesformer,full_to_limited,0.5,BabyCrawling,0.8981,0.8496,0.8603,36
timesformer,full_to_limited,0.5,BalanceBeam,0.9329,0.815,0.8655,30
timesformer,full_to_limited,0.5,BandMarching,0.8085,0.9623,0.8781,44
timesformer,full_to_limited,0.5,BaseballPitch,0.9705,0.6717,0.7733,41
timesformer,full_to_limited,0.5,Basketball,0.9507,0.5421,0.6891,37
timesformer,full_to_limited,0.5,BasketballDunk,0.9585,0.975,0.9654,38
timesformer,full_to_limited,0.5,BenchPress,0.9339,0.9251,0.9283,45
timesformer,full_to_limited,0.5,Biking,0.9833,0.9102,0.9426,38
timesformer,full_to_limited,0.5,Billiards,1.0,1.0,1.0,43
timesformer,full_to_limited,0.5,BlowDryHair,0.8699,0.5272,0.6322,37
timesformer,full_to_limited,0.5,BlowingCandles,0.8718,0.88,0.8722,30
timesformer,full_to_limited,0.5,BodyWeightSquats,0.7446,0.5437,0.6274,31
timesformer,full_to_limited,0.5,Bowling,0.9767,0.9535,0.9647,43
timesformer,full_to_limited,0.5,BoxingPunchingBag,0.9055,0.7985,0.8486,45
timesformer,full_to_limited,0.5,BoxingSpeedBag,0.7561,0.8649,0.8007,38
timesformer,full_to_limited,0.5,BreastStroke,0.9104,0.6556,0.713,28
timesformer,full_to_limited,0.5,BrushingTeeth,0.4997,0.4706,0.4812,35
timesformer,full_to_limited,0.5,CleanAndJerk,0.8827,0.804,0.835,32
timesformer,full_to_limited,0.5,CliffDiving,0.7876,0.8804,0.792,39
timesformer,full_to_limited,0.5,CricketBowling,0.5877,0.4759,0.5228,39
timesformer,full_to_limited,0.5,CricketShot,0.586,0.6096,0.5824,47
timesformer,full_to_limited,0.5,CuttingInKitchen,0.9734,0.8844,0.9244,31
timesformer,full_to_limited,0.5,Diving,0.8982,0.947,0.9178,42
timesformer,full_to_limited,0.5,Drumming,0.7667,0.8986,0.799,45
timesformer,full_to_limited,0.5,Fencing,0.9696,0.868,0.9122,32
timesformer,full_to_limited,0.5,FieldHockeyPenalty,0.7621,0.8085,0.7715,36
timesformer,full_to_limited,0.5,FloorGymnastics,0.8891,0.9272,0.9051,36
timesformer,full_to_limited,0.5,FrisbeeCatch,0.6693,0.8789,0.7443,36
timesformer,full_to_limited,0.5,FrontCrawl,0.8159,0.8783,0.8372,38
timesformer,full_to_limited,0.5,GolfSwing,0.6854,0.9136,0.7707,37
timesformer,full_to_limited,0.5,Haircut,0.4591,0.8999,0.5923,35
timesformer,full_to_limited,0.5,HammerThrow,0.0,0.0,0.0,42
timesformer,full_to_limited,0.5,Hammering,0.0,0.0,0.0,39
timesformer,full_to_limited,0.5,HandstandPushups,0.7925,0.7523,0.7667,36
timesformer,full_to_limited,0.5,HandstandWalking,0.5606,0.4689,0.506,31
timesformer,full_to_limited,0.5,HeadMassage,0.8019,0.8683,0.8321,41
timesformer,full_to_limited,0.5,HighJump,0.7121,0.2576,0.3447,34
timesformer,full_to_limited,0.5,HorseRace,1.0,0.8929,0.943,35
timesformer,full_to_limited,0.5,HorseRiding,0.9532,0.9545,0.9512,46
timesformer,full_to_limited,0.5,HulaHoop,0.9467,0.688,0.7888,35
timesformer,full_to_limited,0.5,IceDancing,0.9644,0.9921,0.9777,43
timesformer,full_to_limited,0.5,JavelinThrow,0.4686,0.5907,0.4607,32
timesformer,full_to_limited,0.5,JugglingBalls,0.7652,0.8174,0.7869,34
timesformer,full_to_limited,0.5,JumpRope,0.0476,0.0155,0.0234,40
timesformer,full_to_limited,0.5,JumpingJack,0.0576,0.0825,0.0676,35
timesformer,full_to_limited,0.5,Kayaking,0.9542,0.7262,0.7773,39
timesformer,full_to_limited,0.5,Knitting,0.9801,0.9706,0.975,35
timesformer,full_to_limited,0.5,LongJump,0.8723,0.487,0.6048,38
timesformer,full_to_limited,0.5,Lunges,0.4868,0.4312,0.4383,36
timesformer,full_to_limited,0.5,MilitaryParade,0.9743,0.7461,0.8441,35
timesformer,full_to_limited,0.5,Mixing,0.8608,0.9515,0.8958,40
timesformer,full_to_limited,0.5,MoppingFloor,0.8598,0.7352,0.7853,31
timesformer,full_to_limited,0.5,Nunchucks,0.328,0.5379,0.3873,37
timesformer,full_to_limited,0.5,ParallelBars,0.9095,0.7299,0.8055,33
timesformer,full_to_limited,0.5,PizzaTossing,0.31,0.4305,0.3604,30
timesformer,full_to_limited,0.5,PlayingCello,0.9568,0.8562,0.8874,45
timesformer,full_to_limited,0.5,PlayingDaf,0.9347,0.94,0.9344,42
timesformer,full_to_limited,0.5,PlayingDhol,0.8242,0.9849,0.8922,46
timesformer,full_to_limited,0.5,PlayingFlute,0.7736,0.8413,0.785,44
timesformer,full_to_limited,0.5,PlayingGuitar,1.0,0.8816,0.9348,46
timesformer,full_to_limited,0.5,PlayingPiano,0.9798,0.8965,0.9348,30
timesformer,full_to_limited,0.5,PlayingSitar,1.0,0.8916,0.9368,44
timesformer,full_to_limited,0.5,PlayingTabla,0.8677,0.9355,0.888,31
timesformer,full_to_limited,0.5,PlayingViolin,0.9422,0.8571,0.8941,28
timesformer,full_to_limited,0.5,PoleVault,0.6636,0.8299,0.6922,41
timesformer,full_to_limited,0.5,PommelHorse,0.9881,0.9143,0.9476,35
timesformer,full_to_limited,0.5,PullUps,0.8966,0.7024,0.7752,28
timesformer,full_to_limited,0.5,Punch,1.0,0.8795,0.9354,44
timesformer,full_to_limited,0.5,PushUps,0.8514,0.6381,0.6813,29
timesformer,full_to_limited,0.5,Rafting,0.9175,0.91,0.9133,32
timesformer,full_to_limited,0.5,RockClimbingIndoor,0.8842,0.9226,0.903,39
timesformer,full_to_limited,0.5,RopeClimbing,0.5961,0.5577,0.5544,34
timesformer,full_to_limited,0.5,Rowing,0.8386,0.9337,0.8824,39
timesformer,full_to_limited,0.5,SalsaSpin,0.9061,0.8283,0.8464,38
timesformer,full_to_limited,0.5,ShavingBeard,0.7914,0.6114,0.6866,45
timesformer,full_to_limited,0.5,Shotput,0.7959,0.4967,0.6005,41
timesformer,full_to_limited,0.5,SkateBoarding,0.9144,0.8821,0.8923,34
timesformer,full_to_limited,0.5,Skiing,0.9192,0.8813,0.8972,38
timesformer,full_to_limited,0.5,Skijet,0.8445,0.9643,0.8973,28
timesformer,full_to_limited,0.5,SkyDiving,0.951,0.8963,0.917,31
timesformer,full_to_limited,0.5,SoccerJuggling,0.7493,0.7174,0.7328,40
timesformer,full_to_limited,0.5,SoccerPenalty,0.9905,0.805,0.8852,39
timesformer,full_to_limited,0.5,StillRings,0.912,0.772,0.8339,31
timesformer,full_to_limited,0.5,SumoWrestling,0.9622,0.9596,0.96,33
timesformer,full_to_limited,0.5,Surfing,0.951,0.9079,0.9282,37
timesformer,full_to_limited,0.5,Swing,0.8963,0.7274,0.7709,37
timesformer,full_to_limited,0.5,TableTennisShot,0.8862,0.625,0.7132,37
timesformer,full_to_limited,0.5,TaiChi,0.5178,0.7381,0.5501,28
timesformer,full_to_limited,0.5,TennisSwing,0.6881,0.8678,0.7674,47
timesformer,full_to_limited,0.5,ThrowDiscus,0.5238,0.4904,0.4721,37
timesformer,full_to_limited,0.5,TrampolineJumping,0.8695,0.7838,0.8244,34
timesformer,full_to_limited,0.5,Typing,0.9508,0.9458,0.9461,40
timesformer,full_to_limited,0.5,UnevenBars,0.9119,0.8452,0.8724,29
timesformer,full_to_limited,0.5,VolleyballSpiking,0.818,0.9476,0.8769,33
timesformer,full_to_limited,0.5,WalkingWithDog,0.7454,0.8004,0.7715,35
timesformer,full_to_limited,0.5,WallPushups,0.8786,0.7828,0.8142,38
timesformer,full_to_limited,0.5,WritingOnBoard,0.9195,0.9385,0.922,41
timesformer,full_to_limited,0.5,YoYo,0.8205,0.5429,0.6171,36
